= Set default KERNEL_DIR: /home/nolan-archie/a165f_kernel/out/target/product/a16/obj/KERNEL_OBJ
= The final value for KERNEL_DIR: kernel-5.10
========================================================
= build config: /home/nolan-archie/a165f_kernel/kernel/../out/target/product/a16/obj/KERNEL_OBJ/build.config
KERNEL_DIR=kernel-5.10
REL_GEN_BUILD_CONFIG_DIR=`./${KERNEL_DIR}/scripts/get_rel_path.sh /home/nolan-archie/a165f_kernel/out/target/product/a16/obj/KERNEL_OBJ ${ROOT_DIR}`
KERNEL_BUILD_MODE=user
KERNEL_DEFCONFIG_FILE=kernel-5.10/arch/arm64/configs/a16_00_custom_defconfig

BUILD_CONFIG_FRAGMENTS="${KERNEL_DIR}/build.config.common"
GET_CONFIG_ABI_MONITOR=`grep "^CONFIG_ABI_MONITOR\s*=\s*y" ${KERNEL_DEFCONFIG_FILE} | xargs`
if [ "${KERNEL_BUILD_MODE}" == "user" ] && [ "x${GET_CONFIG_ABI_MONITOR}" != "x" ]; then
  DO_ABI_MONITOR=1
  BUILD_CONFIG_FRAGMENTS="${BUILD_CONFIG_FRAGMENTS} ${REL_GEN_BUILD_CONFIG_DIR}/build.config.gki.aarch64"
fi
BUILD_CONFIG_FRAGMENTS="${BUILD_CONFIG_FRAGMENTS} ${REL_GEN_BUILD_CONFIG_DIR}/build.config.mtk"
if [ "x${ENABLE_GKI_CHECKER}" == "xtrue" ] || [ -d "${ROOT_DIR}/../vendor/mediatek/internal" ] && [ "${KERNEL_BUILD_MODE}" == "user" ]; then
  BUILD_CONFIG_FRAGMENTS="${BUILD_CONFIG_FRAGMENTS} ${KERNEL_DIR}/build.config.mtk.check_gki"
  ADDITIONAL_HOST_TOOLS="${ADDITIONAL_HOST_TOOLS} diff"
fi

PATH=/home/nolan-archie/a165f_kernel/kernel/build/build-tools/path/linux-x86:/home/nolan-archie/a165f_kernel/kernel/prebuilts-master/clang/host/linux-x86/clang-r416183b/bin:/home/nolan-archie/a165f_kernel/out/target/product/a16/obj/KERNEL_OBJ/kernel-5.10/host_tools

========================================================
 Setting up for build
========================================================
 Running pre-defconfig command(s):
+ eval cp -p kernel-5.10/arch/arm64/configs/a16_00_custom_defconfig ../out/target/product/a16/obj/KERNEL_OBJ/a16_00_custom.config
++ cp -p kernel-5.10/arch/arm64/configs/a16_00_custom_defconfig ../out/target/product/a16/obj/KERNEL_OBJ/a16_00_custom.config
+ set +x
+ cd kernel-5.10
+ make LLVM=1 LLVM_IAS=1 DEPMOD=depmod DTC=dtc O=/home/nolan-archie/a165f_kernel/out/target/product/a16/obj/KERNEL_OBJ/kernel-5.10 gki_defconfig ../../../../kernel/../out/target/product/a16/obj/KERNEL_OBJ/a16_00_custom.config
make[1]: Entering directory '/home/nolan-archie/a165f_kernel/out/target/product/a16/obj/KERNEL_OBJ/kernel-5.10'
  GEN     Makefile
drivers/misc/tui/Kconfig:3:warning: prompt redefined
drivers/misc/tui/Kconfig:1:warning: ignoring type redefinition of 'SAMSUNG_TUI' from 'tristate' to 'bool'
drivers/gpu/drm/mediatek/Kconfig:32:warning: no new line at end of file
#
# configuration written to .config
#
  GEN     Makefile
Using .config as base
Merging /home/nolan-archie/a165f_kernel/kernel-5.10/arch/arm64/configs/../../../../kernel/../out/target/product/a16/obj/KERNEL_OBJ/a16_00_custom.config
Value of CONFIG_BUILD_CONFIG_FILE is redefined by fragment /home/nolan-archie/a165f_kernel/kernel-5.10/arch/arm64/configs/../../../../kernel/../out/target/product/a16/obj/KERNEL_OBJ/a16_00_custom.config:
Previous value: CONFIG_BUILD_CONFIG_FILE=""
New value: CONFIG_BUILD_CONFIG_FILE="build.config.mtk.aarch64"

Value of CONFIG_ABI_MONITOR is redefined by fragment /home/nolan-archie/a165f_kernel/kernel-5.10/arch/arm64/configs/../../../../kernel/../out/target/product/a16/obj/KERNEL_OBJ/a16_00_custom.config:
Previous value: # CONFIG_ABI_MONITOR is not set
New value: CONFIG_ABI_MONITOR=y

Value of CONFIG_ARCH_MEDIATEK is redefined by fragment /home/nolan-archie/a165f_kernel/kernel-5.10/arch/arm64/configs/../../../../kernel/../out/target/product/a16/obj/KERNEL_OBJ/a16_00_custom.config:
Previous value: # CONFIG_ARCH_MEDIATEK is not set
New value: CONFIG_ARCH_MEDIATEK=y

Value of CONFIG_MTK_CLKBUF is redefined by fragment /home/nolan-archie/a165f_kernel/kernel-5.10/arch/arm64/configs/../../../../kernel/../out/target/product/a16/obj/KERNEL_OBJ/a16_00_custom.config:
Previous value: # CONFIG_MTK_CLKBUF is not set
New value: CONFIG_MTK_CLKBUF=m

Value of CONFIG_MTK_DVFSRC_MET_MT6873 is redefined by fragment /home/nolan-archie/a165f_kernel/kernel-5.10/arch/arm64/configs/../../../../kernel/../out/target/product/a16/obj/KERNEL_OBJ/a16_00_custom.config:
Previous value: # CONFIG_MTK_DVFSRC_MET_MT6873 is not set
New value: CONFIG_MTK_DVFSRC_MET_MT6873=m

Value of CONFIG_DMABUF_HEAPS_MTK_MM is redefined by fragment /home/nolan-archie/a165f_kernel/kernel-5.10/arch/arm64/configs/../../../../kernel/../out/target/product/a16/obj/KERNEL_OBJ/a16_00_custom.config:
Previous value: # CONFIG_DMABUF_HEAPS_MTK_MM is not set
New value: CONFIG_DMABUF_HEAPS_MTK_MM=m

Value of CONFIG_DMABUF_HEAPS_SYSTEM is redefined by fragment /home/nolan-archie/a165f_kernel/kernel-5.10/arch/arm64/configs/../../../../kernel/../out/target/product/a16/obj/KERNEL_OBJ/a16_00_custom.config:
Previous value: # CONFIG_DMABUF_HEAPS_SYSTEM is not set
New value: CONFIG_DMABUF_HEAPS_SYSTEM=m

Value of CONFIG_MTK_BATTERY_OC_POWER_THROTTLING is redefined by fragment /home/nolan-archie/a165f_kernel/kernel-5.10/arch/arm64/configs/../../../../kernel/../out/target/product/a16/obj/KERNEL_OBJ/a16_00_custom.config:
Previous value: # CONFIG_MTK_BATTERY_OC_POWER_THROTTLING is not set
New value: CONFIG_MTK_BATTERY_OC_POWER_THROTTLING=m

Value of CONFIG_MTK_BATTERY_PERCENT_THROTTLING is redefined by fragment /home/nolan-archie/a165f_kernel/kernel-5.10/arch/arm64/configs/../../../../kernel/../out/target/product/a16/obj/KERNEL_OBJ/a16_00_custom.config:
Previous value: # CONFIG_MTK_BATTERY_PERCENT_THROTTLING is not set
New value: CONFIG_MTK_BATTERY_PERCENT_THROTTLING=m

Value of CONFIG_MTK_DYNAMIC_LOADING_POWER_THROTTLING is redefined by fragment /home/nolan-archie/a165f_kernel/kernel-5.10/arch/arm64/configs/../../../../kernel/../out/target/product/a16/obj/KERNEL_OBJ/a16_00_custom.config:
Previous value: # CONFIG_MTK_DYNAMIC_LOADING_POWER_THROTTLING is not set
New value: CONFIG_MTK_DYNAMIC_LOADING_POWER_THROTTLING=m

Value of CONFIG_MTK_LOW_BATTERY_POWER_THROTTLING is redefined by fragment /home/nolan-archie/a165f_kernel/kernel-5.10/arch/arm64/configs/../../../../kernel/../out/target/product/a16/obj/KERNEL_OBJ/a16_00_custom.config:
Previous value: # CONFIG_MTK_LOW_BATTERY_POWER_THROTTLING is not set
New value: CONFIG_MTK_LOW_BATTERY_POWER_THROTTLING=m

Value of CONFIG_MTK_CPU_POWER_THROTTLING is redefined by fragment /home/nolan-archie/a165f_kernel/kernel-5.10/arch/arm64/configs/../../../../kernel/../out/target/product/a16/obj/KERNEL_OBJ/a16_00_custom.config:
Previous value: # CONFIG_MTK_CPU_POWER_THROTTLING is not set
New value: CONFIG_MTK_CPU_POWER_THROTTLING=m

Value of CONFIG_MTK_PBM is redefined by fragment /home/nolan-archie/a165f_kernel/kernel-5.10/arch/arm64/configs/../../../../kernel/../out/target/product/a16/obj/KERNEL_OBJ/a16_00_custom.config:
Previous value: # CONFIG_MTK_PBM is not set
New value: CONFIG_MTK_PBM=m

Value of CONFIG_MTK_CMDQ_MBOX_EXT is redefined by fragment /home/nolan-archie/a165f_kernel/kernel-5.10/arch/arm64/configs/../../../../kernel/../out/target/product/a16/obj/KERNEL_OBJ/a16_00_custom.config:
Previous value: # CONFIG_MTK_CMDQ_MBOX_EXT is not set
New value: CONFIG_MTK_CMDQ_MBOX_EXT=m

Value of CONFIG_MTK_MDP is redefined by fragment /home/nolan-archie/a165f_kernel/kernel-5.10/arch/arm64/configs/../../../../kernel/../out/target/product/a16/obj/KERNEL_OBJ/a16_00_custom.config:
Previous value: # CONFIG_MTK_MDP is not set
New value: CONFIG_MTK_MDP=m

Value of CONFIG_MTK_MDP_MT6893 is redefined by fragment /home/nolan-archie/a165f_kernel/kernel-5.10/arch/arm64/configs/../../../../kernel/../out/target/product/a16/obj/KERNEL_OBJ/a16_00_custom.config:
Previous value: # CONFIG_MTK_MDP_MT6893 is not set
New value: CONFIG_MTK_MDP_MT6893=m

Value of CONFIG_MTK_MDP_MT6983 is redefined by fragment /home/nolan-archie/a165f_kernel/kernel-5.10/arch/arm64/configs/../../../../kernel/../out/target/product/a16/obj/KERNEL_OBJ/a16_00_custom.config:
Previous value: # CONFIG_MTK_MDP_MT6983 is not set
New value: CONFIG_MTK_MDP_MT6983=m

Value of CONFIG_MTK_MML is redefined by fragment /home/nolan-archie/a165f_kernel/kernel-5.10/arch/arm64/configs/../../../../kernel/../out/target/product/a16/obj/KERNEL_OBJ/a16_00_custom.config:
Previous value: # CONFIG_MTK_MML is not set
New value: CONFIG_MTK_MML=m

Value of CONFIG_MTK_MKP is redefined by fragment /home/nolan-archie/a165f_kernel/kernel-5.10/arch/arm64/configs/../../../../kernel/../out/target/product/a16/obj/KERNEL_OBJ/a16_00_custom.config:
Previous value: # CONFIG_MTK_MKP is not set
New value: CONFIG_MTK_MKP=m

Value of CONFIG_MMPROFILE is redefined by fragment /home/nolan-archie/a165f_kernel/kernel-5.10/arch/arm64/configs/../../../../kernel/../out/target/product/a16/obj/KERNEL_OBJ/a16_00_custom.config:
Previous value: # CONFIG_MMPROFILE is not set
New value: CONFIG_MMPROFILE=m

Value of CONFIG_MTK_LENS is redefined by fragment /home/nolan-archie/a165f_kernel/kernel-5.10/arch/arm64/configs/../../../../kernel/../out/target/product/a16/obj/KERNEL_OBJ/a16_00_custom.config:
Previous value: # CONFIG_MTK_LENS is not set
New value: CONFIG_MTK_LENS=m

Value of CONFIG_MTK_V4L2_LENS is redefined by fragment /home/nolan-archie/a165f_kernel/kernel-5.10/arch/arm64/configs/../../../../kernel/../out/target/product/a16/obj/KERNEL_OBJ/a16_00_custom.config:
Previous value: # CONFIG_MTK_V4L2_LENS is not set
New value: CONFIG_MTK_V4L2_LENS=m

Value of CONFIG_HAVE_MTK_ENABLE_GENIEZONE is redefined by fragment /home/nolan-archie/a165f_kernel/kernel-5.10/arch/arm64/configs/../../../../kernel/../out/target/product/a16/obj/KERNEL_OBJ/a16_00_custom.config:
Previous value: # CONFIG_HAVE_MTK_ENABLE_GENIEZONE is not set
New value: CONFIG_HAVE_MTK_ENABLE_GENIEZONE=y

Value of CONFIG_MTK_GZ_MAIN is redefined by fragment /home/nolan-archie/a165f_kernel/kernel-5.10/arch/arm64/configs/../../../../kernel/../out/target/product/a16/obj/KERNEL_OBJ/a16_00_custom.config:
Previous value: # CONFIG_MTK_GZ_MAIN is not set
New value: CONFIG_MTK_GZ_MAIN=m

Value of CONFIG_MTK_GZ_VIRTIO is redefined by fragment /home/nolan-archie/a165f_kernel/kernel-5.10/arch/arm64/configs/../../../../kernel/../out/target/product/a16/obj/KERNEL_OBJ/a16_00_custom.config:
Previous value: # CONFIG_MTK_GZ_VIRTIO is not set
New value: CONFIG_MTK_GZ_VIRTIO=m

Value of CONFIG_MTK_GZ_VIRTIO_IPC is redefined by fragment /home/nolan-archie/a165f_kernel/kernel-5.10/arch/arm64/configs/../../../../kernel/../out/target/product/a16/obj/KERNEL_OBJ/a16_00_custom.config:
Previous value: # CONFIG_MTK_GZ_VIRTIO_IPC is not set
New value: CONFIG_MTK_GZ_VIRTIO_IPC=m

Value of CONFIG_MTK_GZ_IRQ is redefined by fragment /home/nolan-archie/a165f_kernel/kernel-5.10/arch/arm64/configs/../../../../kernel/../out/target/product/a16/obj/KERNEL_OBJ/a16_00_custom.config:
Previous value: # CONFIG_MTK_GZ_IRQ is not set
New value: CONFIG_MTK_GZ_IRQ=m

Value of CONFIG_MTK_GZ_TZ_SYSTEM is redefined by fragment /home/nolan-archie/a165f_kernel/kernel-5.10/arch/arm64/configs/../../../../kernel/../out/target/product/a16/obj/KERNEL_OBJ/a16_00_custom.config:
Previous value: # CONFIG_MTK_GZ_TZ_SYSTEM is not set
New value: CONFIG_MTK_GZ_TZ_SYSTEM=m

Value of CONFIG_HAVE_MTK_GZ_LOG is redefined by fragment /home/nolan-archie/a165f_kernel/kernel-5.10/arch/arm64/configs/../../../../kernel/../out/target/product/a16/obj/KERNEL_OBJ/a16_00_custom.config:
Previous value: # CONFIG_HAVE_MTK_GZ_LOG is not set
New value: CONFIG_HAVE_MTK_GZ_LOG=y

Value of CONFIG_MTK_AEE_FEATURE is redefined by fragment /home/nolan-archie/a165f_kernel/kernel-5.10/arch/arm64/configs/../../../../kernel/../out/target/product/a16/obj/KERNEL_OBJ/a16_00_custom.config:
Previous value: # CONFIG_MTK_AEE_FEATURE is not set
New value: CONFIG_MTK_AEE_FEATURE=m

Value of CONFIG_MTK_DRAM_LOG_STORE is redefined by fragment /home/nolan-archie/a165f_kernel/kernel-5.10/arch/arm64/configs/../../../../kernel/../out/target/product/a16/obj/KERNEL_OBJ/a16_00_custom.config:
Previous value: # CONFIG_MTK_DRAM_LOG_STORE is not set
New value: CONFIG_MTK_DRAM_LOG_STORE=m

Value of CONFIG_MTPROF is redefined by fragment /home/nolan-archie/a165f_kernel/kernel-5.10/arch/arm64/configs/../../../../kernel/../out/target/product/a16/obj/KERNEL_OBJ/a16_00_custom.config:
Previous value: # CONFIG_MTPROF is not set
New value: CONFIG_MTPROF=m

Value of CONFIG_MTK_CCCI_DEVICES is redefined by fragment /home/nolan-archie/a165f_kernel/kernel-5.10/arch/arm64/configs/../../../../kernel/../out/target/product/a16/obj/KERNEL_OBJ/a16_00_custom.config:
Previous value: # CONFIG_MTK_CCCI_DEVICES is not set
New value: CONFIG_MTK_CCCI_DEVICES=y

Value of CONFIG_MTK_SRIL_SUPPORT is redefined by fragment /home/nolan-archie/a165f_kernel/kernel-5.10/arch/arm64/configs/../../../../kernel/../out/target/product/a16/obj/KERNEL_OBJ/a16_00_custom.config:
Previous value: # CONFIG_MTK_SRIL_SUPPORT is not set
New value: CONFIG_MTK_SRIL_SUPPORT=y

Value of CONFIG_MTK_BTIF is redefined by fragment /home/nolan-archie/a165f_kernel/kernel-5.10/arch/arm64/configs/../../../../kernel/../out/target/product/a16/obj/KERNEL_OBJ/a16_00_custom.config:
Previous value: # CONFIG_MTK_BTIF is not set
New value: CONFIG_MTK_BTIF=m

Value of CONFIG_MTK_CONN_SCP is redefined by fragment /home/nolan-archie/a165f_kernel/kernel-5.10/arch/arm64/configs/../../../../kernel/../out/target/product/a16/obj/KERNEL_OBJ/a16_00_custom.config:
Previous value: # CONFIG_MTK_CONN_SCP is not set
New value: CONFIG_MTK_CONN_SCP=m

Value of CONFIG_MTK_COMBO is redefined by fragment /home/nolan-archie/a165f_kernel/kernel-5.10/arch/arm64/configs/../../../../kernel/../out/target/product/a16/obj/KERNEL_OBJ/a16_00_custom.config:
Previous value: # CONFIG_MTK_COMBO is not set
New value: CONFIG_MTK_COMBO=m

Value of CONFIG_MTK_COMBO_CHIP_CONSYS_6789 is redefined by fragment /home/nolan-archie/a165f_kernel/kernel-5.10/arch/arm64/configs/../../../../kernel/../out/target/product/a16/obj/KERNEL_OBJ/a16_00_custom.config:
Previous value: # CONFIG_MTK_COMBO_CHIP_CONSYS_6789 is not set
New value: CONFIG_MTK_COMBO_CHIP_CONSYS_6789=y

Value of CONFIG_MTK_COMBO_CHIP_CONSYS_6893 is redefined by fragment /home/nolan-archie/a165f_kernel/kernel-5.10/arch/arm64/configs/../../../../kernel/../out/target/product/a16/obj/KERNEL_OBJ/a16_00_custom.config:
Previous value: # CONFIG_MTK_COMBO_CHIP_CONSYS_6893 is not set
New value: CONFIG_MTK_COMBO_CHIP_CONSYS_6893=y

Value of CONFIG_MTK_COMBO_CHIP_CONSYS_6983 is redefined by fragment /home/nolan-archie/a165f_kernel/kernel-5.10/arch/arm64/configs/../../../../kernel/../out/target/product/a16/obj/KERNEL_OBJ/a16_00_custom.config:
Previous value: # CONFIG_MTK_COMBO_CHIP_CONSYS_6983 is not set
New value: CONFIG_MTK_COMBO_CHIP_CONSYS_6983=y

Value of CONFIG_MTK_COMBO_CHIP_CONSYS_6879 is redefined by fragment /home/nolan-archie/a165f_kernel/kernel-5.10/arch/arm64/configs/../../../../kernel/../out/target/product/a16/obj/KERNEL_OBJ/a16_00_custom.config:
Previous value: # CONFIG_MTK_COMBO_CHIP_CONSYS_6879 is not set
New value: CONFIG_MTK_COMBO_CHIP_CONSYS_6879=y

Value of CONFIG_MTK_COMBO_CHIP_CONSYS_6895 is redefined by fragment /home/nolan-archie/a165f_kernel/kernel-5.10/arch/arm64/configs/../../../../kernel/../out/target/product/a16/obj/KERNEL_OBJ/a16_00_custom.config:
Previous value: # CONFIG_MTK_COMBO_CHIP_CONSYS_6895 is not set
New value: CONFIG_MTK_COMBO_CHIP_CONSYS_6895=y

Value of CONFIG_MTK_COMBO_CHIP_CONSYS_6855 is redefined by fragment /home/nolan-archie/a165f_kernel/kernel-5.10/arch/arm64/configs/../../../../kernel/../out/target/product/a16/obj/KERNEL_OBJ/a16_00_custom.config:
Previous value: # CONFIG_MTK_COMBO_CHIP_CONSYS_6855 is not set
New value: CONFIG_MTK_COMBO_CHIP_CONSYS_6855=y

Value of CONFIG_MTK_COMBO_CHIP_CONSYS_6833 is redefined by fragment /home/nolan-archie/a165f_kernel/kernel-5.10/arch/arm64/configs/../../../../kernel/../out/target/product/a16/obj/KERNEL_OBJ/a16_00_custom.config:
Previous value: # CONFIG_MTK_COMBO_CHIP_CONSYS_6833 is not set
New value: CONFIG_MTK_COMBO_CHIP_CONSYS_6833=y

Value of CONFIG_MTK_DHCPV6C_WIFI is redefined by fragment /home/nolan-archie/a165f_kernel/kernel-5.10/arch/arm64/configs/../../../../kernel/../out/target/product/a16/obj/KERNEL_OBJ/a16_00_custom.config:
Previous value: # CONFIG_MTK_DHCPV6C_WIFI is not set
New value: CONFIG_MTK_DHCPV6C_WIFI=y

Value of CONFIG_MTK_GPS_SUPPORT is redefined by fragment /home/nolan-archie/a165f_kernel/kernel-5.10/arch/arm64/configs/../../../../kernel/../out/target/product/a16/obj/KERNEL_OBJ/a16_00_custom.config:
Previous value: # CONFIG_MTK_GPS_SUPPORT is not set
New value: CONFIG_MTK_GPS_SUPPORT=y

Value of CONFIG_MTK_CONNSYS_DEDICATED_LOG_PATH is redefined by fragment /home/nolan-archie/a165f_kernel/kernel-5.10/arch/arm64/configs/../../../../kernel/../out/target/product/a16/obj/KERNEL_OBJ/a16_00_custom.config:
Previous value: # CONFIG_MTK_CONNSYS_DEDICATED_LOG_PATH is not set
New value: CONFIG_MTK_CONNSYS_DEDICATED_LOG_PATH=y

Value of CONFIG_TCPC_CLASS is redefined by fragment /home/nolan-archie/a165f_kernel/kernel-5.10/arch/arm64/configs/../../../../kernel/../out/target/product/a16/obj/KERNEL_OBJ/a16_00_custom.config:
Previous value: # CONFIG_TCPC_CLASS is not set
New value: CONFIG_TCPC_CLASS=m

Value of CONFIG_EXTCON_MTK_USB is redefined by fragment /home/nolan-archie/a165f_kernel/kernel-5.10/arch/arm64/configs/../../../../kernel/../out/target/product/a16/obj/KERNEL_OBJ/a16_00_custom.config:
Previous value: # CONFIG_EXTCON_MTK_USB is not set
New value: CONFIG_EXTCON_MTK_USB=m

Value of CONFIG_SEC_UFS_FEATURE is redefined by fragment /home/nolan-archie/a165f_kernel/kernel-5.10/arch/arm64/configs/../../../../kernel/../out/target/product/a16/obj/KERNEL_OBJ/a16_00_custom.config:
Previous value: # CONFIG_SEC_UFS_FEATURE is not set
New value: CONFIG_SEC_UFS_FEATURE=y

Value of CONFIG_RPMB is redefined by fragment /home/nolan-archie/a165f_kernel/kernel-5.10/arch/arm64/configs/../../../../kernel/../out/target/product/a16/obj/KERNEL_OBJ/a16_00_custom.config:
Previous value: # CONFIG_RPMB is not set
New value: CONFIG_RPMB=m

Value of CONFIG_KEYBOARD_MTK_KPD is redefined by fragment /home/nolan-archie/a165f_kernel/kernel-5.10/arch/arm64/configs/../../../../kernel/../out/target/product/a16/obj/KERNEL_OBJ/a16_00_custom.config:
Previous value: # CONFIG_KEYBOARD_MTK_KPD is not set
New value: CONFIG_KEYBOARD_MTK_KPD=m

Value of CONFIG_SPMI_MTK_PMIF is redefined by fragment /home/nolan-archie/a165f_kernel/kernel-5.10/arch/arm64/configs/../../../../kernel/../out/target/product/a16/obj/KERNEL_OBJ/a16_00_custom.config:
Previous value: # CONFIG_SPMI_MTK_PMIF is not set
New value: CONFIG_SPMI_MTK_PMIF=m

Value of CONFIG_SYSCON_REBOOT_MODE is redefined by fragment /home/nolan-archie/a165f_kernel/kernel-5.10/arch/arm64/configs/../../../../kernel/../out/target/product/a16/obj/KERNEL_OBJ/a16_00_custom.config:
Previous value: # CONFIG_SYSCON_REBOOT_MODE is not set
New value: CONFIG_SYSCON_REBOOT_MODE=m

Value of CONFIG_MTK_PERF_COMMON is redefined by fragment /home/nolan-archie/a165f_kernel/kernel-5.10/arch/arm64/configs/../../../../kernel/../out/target/product/a16/obj/KERNEL_OBJ/a16_00_custom.config:
Previous value: # CONFIG_MTK_PERF_COMMON is not set
New value: CONFIG_MTK_PERF_COMMON=m

Value of CONFIG_MTK_GPU_SWPM_SUPPORT is redefined by fragment /home/nolan-archie/a165f_kernel/kernel-5.10/arch/arm64/configs/../../../../kernel/../out/target/product/a16/obj/KERNEL_OBJ/a16_00_custom.config:
Previous value: # CONFIG_MTK_GPU_SWPM_SUPPORT is not set
New value: CONFIG_MTK_GPU_SWPM_SUPPORT=y

Value of CONFIG_MTK_TASK_TURBO is redefined by fragment /home/nolan-archie/a165f_kernel/kernel-5.10/arch/arm64/configs/../../../../kernel/../out/target/product/a16/obj/KERNEL_OBJ/a16_00_custom.config:
Previous value: # CONFIG_MTK_TASK_TURBO is not set
New value: CONFIG_MTK_TASK_TURBO=m

Value of CONFIG_MTK_TINYSYS_MBOX is redefined by fragment /home/nolan-archie/a165f_kernel/kernel-5.10/arch/arm64/configs/../../../../kernel/../out/target/product/a16/obj/KERNEL_OBJ/a16_00_custom.config:
Previous value: # CONFIG_MTK_TINYSYS_MBOX is not set
New value: CONFIG_MTK_TINYSYS_MBOX=m

Value of CONFIG_MTK_TINYSYS_SCMI is redefined by fragment /home/nolan-archie/a165f_kernel/kernel-5.10/arch/arm64/configs/../../../../kernel/../out/target/product/a16/obj/KERNEL_OBJ/a16_00_custom.config:
Previous value: # CONFIG_MTK_TINYSYS_SCMI is not set
New value: CONFIG_MTK_TINYSYS_SCMI=m

Value of CONFIG_GENERIC_ADC_THERMAL is redefined by fragment /home/nolan-archie/a165f_kernel/kernel-5.10/arch/arm64/configs/../../../../kernel/../out/target/product/a16/obj/KERNEL_OBJ/a16_00_custom.config:
Previous value: # CONFIG_GENERIC_ADC_THERMAL is not set
New value: CONFIG_GENERIC_ADC_THERMAL=m

Value of CONFIG_MFD_MT6338 is redefined by fragment /home/nolan-archie/a165f_kernel/kernel-5.10/arch/arm64/configs/../../../../kernel/../out/target/product/a16/obj/KERNEL_OBJ/a16_00_custom.config:
Previous value: # CONFIG_MFD_MT6338 is not set
New value: CONFIG_MFD_MT6338=m

Value of CONFIG_MFD_MT6360 is redefined by fragment /home/nolan-archie/a165f_kernel/kernel-5.10/arch/arm64/configs/../../../../kernel/../out/target/product/a16/obj/KERNEL_OBJ/a16_00_custom.config:
Previous value: # CONFIG_MFD_MT6360 is not set
New value: CONFIG_MFD_MT6360=m

Value of CONFIG_MFD_MT6397 is redefined by fragment /home/nolan-archie/a165f_kernel/kernel-5.10/arch/arm64/configs/../../../../kernel/../out/target/product/a16/obj/KERNEL_OBJ/a16_00_custom.config:
Previous value: # CONFIG_MFD_MT6397 is not set
New value: CONFIG_MFD_MT6397=m

Value of CONFIG_MFD_MT6685 is redefined by fragment /home/nolan-archie/a165f_kernel/kernel-5.10/arch/arm64/configs/../../../../kernel/../out/target/product/a16/obj/KERNEL_OBJ/a16_00_custom.config:
Previous value: # CONFIG_MFD_MT6685 is not set
New value: CONFIG_MFD_MT6685=m

Value of CONFIG_MFD_MTK_SPMI_PMIC is redefined by fragment /home/nolan-archie/a165f_kernel/kernel-5.10/arch/arm64/configs/../../../../kernel/../out/target/product/a16/obj/KERNEL_OBJ/a16_00_custom.config:
Previous value: # CONFIG_MFD_MTK_SPMI_PMIC is not set
New value: CONFIG_MFD_MTK_SPMI_PMIC=m

Value of CONFIG_REGULATOR_MT6315 is redefined by fragment /home/nolan-archie/a165f_kernel/kernel-5.10/arch/arm64/configs/../../../../kernel/../out/target/product/a16/obj/KERNEL_OBJ/a16_00_custom.config:
Previous value: # CONFIG_REGULATOR_MT6315 is not set
New value: CONFIG_REGULATOR_MT6315=m

Value of CONFIG_REGULATOR_MTK_VMM is redefined by fragment /home/nolan-archie/a165f_kernel/kernel-5.10/arch/arm64/configs/../../../../kernel/../out/target/product/a16/obj/KERNEL_OBJ/a16_00_custom.config:
Previous value: # CONFIG_REGULATOR_MTK_VMM is not set
New value: CONFIG_REGULATOR_MTK_VMM=m

Value of CONFIG_REGULATOR_RT5133 is redefined by fragment /home/nolan-archie/a165f_kernel/kernel-5.10/arch/arm64/configs/../../../../kernel/../out/target/product/a16/obj/KERNEL_OBJ/a16_00_custom.config:
Previous value: # CONFIG_REGULATOR_RT5133 is not set
New value: CONFIG_REGULATOR_RT5133=m

Value of CONFIG_REGULATOR_RT6160 is redefined by fragment /home/nolan-archie/a165f_kernel/kernel-5.10/arch/arm64/configs/../../../../kernel/../out/target/product/a16/obj/KERNEL_OBJ/a16_00_custom.config:
Previous value: # CONFIG_REGULATOR_RT6160 is not set
New value: CONFIG_REGULATOR_RT6160=m

Value of CONFIG_REGULATOR_MT6983_ALPHA_SUPPORT is redefined by fragment /home/nolan-archie/a165f_kernel/kernel-5.10/arch/arm64/configs/../../../../kernel/../out/target/product/a16/obj/KERNEL_OBJ/a16_00_custom.config:
Previous value: # CONFIG_REGULATOR_MT6983_ALPHA_SUPPORT is not set
New value: CONFIG_REGULATOR_MT6983_ALPHA_SUPPORT=m

Value of CONFIG_REGULATOR_MT6895_ALPHA_SUPPORT is redefined by fragment /home/nolan-archie/a165f_kernel/kernel-5.10/arch/arm64/configs/../../../../kernel/../out/target/product/a16/obj/KERNEL_OBJ/a16_00_custom.config:
Previous value: # CONFIG_REGULATOR_MT6895_ALPHA_SUPPORT is not set
New value: CONFIG_REGULATOR_MT6895_ALPHA_SUPPORT=m

Value of CONFIG_MTK_VMM_SPM is redefined by fragment /home/nolan-archie/a165f_kernel/kernel-5.10/arch/arm64/configs/../../../../kernel/../out/target/product/a16/obj/KERNEL_OBJ/a16_00_custom.config:
Previous value: # CONFIG_MTK_VMM_SPM is not set
New value: CONFIG_MTK_VMM_SPM=m

Value of CONFIG_MTK_VMM_DBG is redefined by fragment /home/nolan-archie/a165f_kernel/kernel-5.10/arch/arm64/configs/../../../../kernel/../out/target/product/a16/obj/KERNEL_OBJ/a16_00_custom.config:
Previous value: # CONFIG_MTK_VMM_DBG is not set
New value: CONFIG_MTK_VMM_DBG=m

Value of CONFIG_MTK_PMIC_PROTECT is redefined by fragment /home/nolan-archie/a165f_kernel/kernel-5.10/arch/arm64/configs/../../../../kernel/../out/target/product/a16/obj/KERNEL_OBJ/a16_00_custom.config:
Previous value: # CONFIG_MTK_PMIC_PROTECT is not set
New value: CONFIG_MTK_PMIC_PROTECT=m

Value of CONFIG_DRM_MEDIATEK_PANEL is redefined by fragment /home/nolan-archie/a165f_kernel/kernel-5.10/arch/arm64/configs/../../../../kernel/../out/target/product/a16/obj/KERNEL_OBJ/a16_00_custom.config:
Previous value: # CONFIG_DRM_MEDIATEK_PANEL is not set
New value: CONFIG_DRM_MEDIATEK_PANEL=m

Value of CONFIG_DRM_MEDIATEK_V2 is redefined by fragment /home/nolan-archie/a165f_kernel/kernel-5.10/arch/arm64/configs/../../../../kernel/../out/target/product/a16/obj/KERNEL_OBJ/a16_00_custom.config:
Previous value: # CONFIG_DRM_MEDIATEK_V2 is not set
New value: CONFIG_DRM_MEDIATEK_V2=y

Value of CONFIG_RT4831A_I2C is redefined by fragment /home/nolan-archie/a165f_kernel/kernel-5.10/arch/arm64/configs/../../../../kernel/../out/target/product/a16/obj/KERNEL_OBJ/a16_00_custom.config:
Previous value: # CONFIG_RT4831A_I2C is not set
New value: CONFIG_RT4831A_I2C=m

Value of CONFIG_MTK_GPU_SUPPORT is redefined by fragment /home/nolan-archie/a165f_kernel/kernel-5.10/arch/arm64/configs/../../../../kernel/../out/target/product/a16/obj/KERNEL_OBJ/a16_00_custom.config:
Previous value: # CONFIG_MTK_GPU_SUPPORT is not set
New value: CONFIG_MTK_GPU_SUPPORT=m

Value of CONFIG_MTK_GPUFREQ_V2 is redefined by fragment /home/nolan-archie/a165f_kernel/kernel-5.10/arch/arm64/configs/../../../../kernel/../out/target/product/a16/obj/KERNEL_OBJ/a16_00_custom.config:
Previous value: # CONFIG_MTK_GPUFREQ_V2 is not set
New value: CONFIG_MTK_GPUFREQ_V2=y

Value of CONFIG_MTK_GPU_COMMON_DVFS_SUPPORT is redefined by fragment /home/nolan-archie/a165f_kernel/kernel-5.10/arch/arm64/configs/../../../../kernel/../out/target/product/a16/obj/KERNEL_OBJ/a16_00_custom.config:
Previous value: # CONFIG_MTK_GPU_COMMON_DVFS_SUPPORT is not set
New value: CONFIG_MTK_GPU_COMMON_DVFS_SUPPORT=y

Value of CONFIG_MTK_IMGSENSOR is redefined by fragment /home/nolan-archie/a165f_kernel/kernel-5.10/arch/arm64/configs/../../../../kernel/../out/target/product/a16/obj/KERNEL_OBJ/a16_00_custom.config:
Previous value: # CONFIG_MTK_IMGSENSOR is not set
New value: CONFIG_MTK_IMGSENSOR=m

Value of CONFIG_MTK_IMGSENSOR_PLATFORM_SUPPORT is redefined by fragment /home/nolan-archie/a165f_kernel/kernel-5.10/arch/arm64/configs/../../../../kernel/../out/target/product/a16/obj/KERNEL_OBJ/a16_00_custom.config:
Previous value: # CONFIG_MTK_IMGSENSOR_PLATFORM_SUPPORT is not set
New value: CONFIG_MTK_IMGSENSOR_PLATFORM_SUPPORT=y

Value of CONFIG_MTK_IMGSENSOR_MT6853 is redefined by fragment /home/nolan-archie/a165f_kernel/kernel-5.10/arch/arm64/configs/../../../../kernel/../out/target/product/a16/obj/KERNEL_OBJ/a16_00_custom.config:
Previous value: # CONFIG_MTK_IMGSENSOR_MT6853 is not set
New value: CONFIG_MTK_IMGSENSOR_MT6853=m

Value of CONFIG_MTK_IMGSENSOR_MT6893 is redefined by fragment /home/nolan-archie/a165f_kernel/kernel-5.10/arch/arm64/configs/../../../../kernel/../out/target/product/a16/obj/KERNEL_OBJ/a16_00_custom.config:
Previous value: # CONFIG_MTK_IMGSENSOR_MT6893 is not set
New value: CONFIG_MTK_IMGSENSOR_MT6893=m

Value of CONFIG_MTK_SECURITY_SW_SUPPORT is redefined by fragment /home/nolan-archie/a165f_kernel/kernel-5.10/arch/arm64/configs/../../../../kernel/../out/target/product/a16/obj/KERNEL_OBJ/a16_00_custom.config:
Previous value: # CONFIG_MTK_SECURITY_SW_SUPPORT is not set
New value: CONFIG_MTK_SECURITY_SW_SUPPORT=m

Value of CONFIG_SND_SOC_MTK_BTCVSD is redefined by fragment /home/nolan-archie/a165f_kernel/kernel-5.10/arch/arm64/configs/../../../../kernel/../out/target/product/a16/obj/KERNEL_OBJ/a16_00_custom.config:
Previous value: # CONFIG_SND_SOC_MTK_BTCVSD is not set
New value: CONFIG_SND_SOC_MTK_BTCVSD=m

Value of CONFIG_SND_SOC_AA006 is redefined by fragment /home/nolan-archie/a165f_kernel/kernel-5.10/arch/arm64/configs/../../../../kernel/../out/target/product/a16/obj/KERNEL_OBJ/a16_00_custom.config:
Previous value: # CONFIG_SND_SOC_AA006 is not set
New value: CONFIG_SND_SOC_AA006=m

Value of CONFIG_SND_SOC_BB007 is redefined by fragment /home/nolan-archie/a165f_kernel/kernel-5.10/arch/arm64/configs/../../../../kernel/../out/target/product/a16/obj/KERNEL_OBJ/a16_00_custom.config:
Previous value: # CONFIG_SND_SOC_BB007 is not set
New value: CONFIG_SND_SOC_BB007=m

Value of CONFIG_USB_SWITCH_ET7480 is redefined by fragment /home/nolan-archie/a165f_kernel/kernel-5.10/arch/arm64/configs/../../../../kernel/../out/target/product/a16/obj/KERNEL_OBJ/a16_00_custom.config:
Previous value: # CONFIG_USB_SWITCH_ET7480 is not set
New value: CONFIG_USB_SWITCH_ET7480=m

Value of CONFIG_USB_MTK_HDRC is redefined by fragment /home/nolan-archie/a165f_kernel/kernel-5.10/arch/arm64/configs/../../../../kernel/../out/target/product/a16/obj/KERNEL_OBJ/a16_00_custom.config:
Previous value: # CONFIG_USB_MTK_HDRC is not set
New value: CONFIG_USB_MTK_HDRC=m

Value of CONFIG_MTK_MUSB_DRV_36BIT is redefined by fragment /home/nolan-archie/a165f_kernel/kernel-5.10/arch/arm64/configs/../../../../kernel/../out/target/product/a16/obj/KERNEL_OBJ/a16_00_custom.config:
Previous value: # CONFIG_MTK_MUSB_DRV_36BIT is not set
New value: CONFIG_MTK_MUSB_DRV_36BIT=y

Value of CONFIG_USB_MTK_OTG is redefined by fragment /home/nolan-archie/a165f_kernel/kernel-5.10/arch/arm64/configs/../../../../kernel/../out/target/product/a16/obj/KERNEL_OBJ/a16_00_custom.config:
Previous value: # CONFIG_USB_MTK_OTG is not set
New value: CONFIG_USB_MTK_OTG=y

Value of CONFIG_MTK_MUSB_DUAL_ROLE is redefined by fragment /home/nolan-archie/a165f_kernel/kernel-5.10/arch/arm64/configs/../../../../kernel/../out/target/product/a16/obj/KERNEL_OBJ/a16_00_custom.config:
Previous value: # CONFIG_MTK_MUSB_DUAL_ROLE is not set
New value: CONFIG_MTK_MUSB_DUAL_ROLE=y

Value of CONFIG_MTK_USB_BOOST is redefined by fragment /home/nolan-archie/a165f_kernel/kernel-5.10/arch/arm64/configs/../../../../kernel/../out/target/product/a16/obj/KERNEL_OBJ/a16_00_custom.config:
Previous value: # CONFIG_MTK_USB_BOOST is not set
New value: CONFIG_MTK_USB_BOOST=m

Value of CONFIG_MTK_USB_CONFIGFS_RNDIS is redefined by fragment /home/nolan-archie/a165f_kernel/kernel-5.10/arch/arm64/configs/../../../../kernel/../out/target/product/a16/obj/KERNEL_OBJ/a16_00_custom.config:
Previous value: # CONFIG_MTK_USB_CONFIGFS_RNDIS is not set
New value: CONFIG_MTK_USB_CONFIGFS_RNDIS=m

Value of CONFIG_MTK_USB_META is redefined by fragment /home/nolan-archie/a165f_kernel/kernel-5.10/arch/arm64/configs/../../../../kernel/../out/target/product/a16/obj/KERNEL_OBJ/a16_00_custom.config:
Previous value: # CONFIG_MTK_USB_META is not set
New value: CONFIG_MTK_USB_META=m

Value of CONFIG_NOP_USB_XCEIV is redefined by fragment /home/nolan-archie/a165f_kernel/kernel-5.10/arch/arm64/configs/../../../../kernel/../out/target/product/a16/obj/KERNEL_OBJ/a16_00_custom.config:
Previous value: # CONFIG_NOP_USB_XCEIV is not set
New value: CONFIG_NOP_USB_XCEIV=m

Value of CONFIG_USB_NET_AX8817X is redefined by fragment /home/nolan-archie/a165f_kernel/kernel-5.10/arch/arm64/configs/../../../../kernel/../out/target/product/a16/obj/KERNEL_OBJ/a16_00_custom.config:
Previous value: CONFIG_USB_NET_AX8817X=y
New value: CONFIG_USB_NET_AX8817X=m

Value of CONFIG_USB_NET_AX88179_178A is redefined by fragment /home/nolan-archie/a165f_kernel/kernel-5.10/arch/arm64/configs/../../../../kernel/../out/target/product/a16/obj/KERNEL_OBJ/a16_00_custom.config:
Previous value: CONFIG_USB_NET_AX88179_178A=y
New value: CONFIG_USB_NET_AX88179_178A=m

Value of CONFIG_USB_NOTIFY_LAYER is redefined by fragment /home/nolan-archie/a165f_kernel/kernel-5.10/arch/arm64/configs/../../../../kernel/../out/target/product/a16/obj/KERNEL_OBJ/a16_00_custom.config:
Previous value: # CONFIG_USB_NOTIFY_LAYER is not set
New value: CONFIG_USB_NOTIFY_LAYER=m CONFIG_USB_NOTIFY_LAYER=m

Value of CONFIG_USB_DEBUG_DETAILED_LOG is redefined by fragment /home/nolan-archie/a165f_kernel/kernel-5.10/arch/arm64/configs/../../../../kernel/../out/target/product/a16/obj/KERNEL_OBJ/a16_00_custom.config:
Previous value: # CONFIG_USB_DEBUG_DETAILED_LOG is not set
New value: CONFIG_USB_DEBUG_DETAILED_LOG=y CONFIG_USB_DEBUG_DETAILED_LOG=y

Value of CONFIG_USB_STORAGE_DETECT is redefined by fragment /home/nolan-archie/a165f_kernel/kernel-5.10/arch/arm64/configs/../../../../kernel/../out/target/product/a16/obj/KERNEL_OBJ/a16_00_custom.config:
Previous value: # CONFIG_USB_STORAGE_DETECT is not set
New value: CONFIG_USB_STORAGE_DETECT=y

Value of CONFIG_USB_HOST_SAMSUNG_FEATURE is redefined by fragment /home/nolan-archie/a165f_kernel/kernel-5.10/arch/arm64/configs/../../../../kernel/../out/target/product/a16/obj/KERNEL_OBJ/a16_00_custom.config:
Previous value: # CONFIG_USB_HOST_SAMSUNG_FEATURE is not set
New value: CONFIG_USB_HOST_SAMSUNG_FEATURE=y CONFIG_USB_HOST_SAMSUNG_FEATURE=y

Value of CONFIG_USB_INTERFACE_LPM_LIST is redefined by fragment /home/nolan-archie/a165f_kernel/kernel-5.10/arch/arm64/configs/../../../../kernel/../out/target/product/a16/obj/KERNEL_OBJ/a16_00_custom.config:
Previous value: # CONFIG_USB_INTERFACE_LPM_LIST is not set
New value: CONFIG_USB_INTERFACE_LPM_LIST=y CONFIG_USB_INTERFACE_LPM_LIST=y

Value of CONFIG_SND_MTK_USB_AUDIO_MODULE is redefined by fragment /home/nolan-archie/a165f_kernel/kernel-5.10/arch/arm64/configs/../../../../kernel/../out/target/product/a16/obj/KERNEL_OBJ/a16_00_custom.config:
Previous value: # CONFIG_SND_MTK_USB_AUDIO_MODULE is not set
New value: CONFIG_SND_MTK_USB_AUDIO_MODULE=m

Value of CONFIG_USB_CONFIGFS_F_DM is redefined by fragment /home/nolan-archie/a165f_kernel/kernel-5.10/arch/arm64/configs/../../../../kernel/../out/target/product/a16/obj/KERNEL_OBJ/a16_00_custom.config:
Previous value: # CONFIG_USB_CONFIGFS_F_DM is not set
New value: CONFIG_USB_CONFIGFS_F_DM=m

Value of CONFIG_USB_CONFIGFS_F_CONN_GADGET is redefined by fragment /home/nolan-archie/a165f_kernel/kernel-5.10/arch/arm64/configs/../../../../kernel/../out/target/product/a16/obj/KERNEL_OBJ/a16_00_custom.config:
Previous value: # CONFIG_USB_CONFIGFS_F_CONN_GADGET is not set
New value: CONFIG_USB_CONFIGFS_F_CONN_GADGET=m

Value of CONFIG_USB_CONFIGFS_F_SS_MON_GADGET is redefined by fragment /home/nolan-archie/a165f_kernel/kernel-5.10/arch/arm64/configs/../../../../kernel/../out/target/product/a16/obj/KERNEL_OBJ/a16_00_custom.config:
Previous value: # CONFIG_USB_CONFIGFS_F_SS_MON_GADGET is not set
New value: CONFIG_USB_CONFIGFS_F_SS_MON_GADGET=m

Value of CONFIG_ANDROID_SWITCH is redefined by fragment /home/nolan-archie/a165f_kernel/kernel-5.10/arch/arm64/configs/../../../../kernel/../out/target/product/a16/obj/KERNEL_OBJ/a16_00_custom.config:
Previous value: # CONFIG_ANDROID_SWITCH is not set
New value: CONFIG_ANDROID_SWITCH=m CONFIG_ANDROID_SWITCH=m

Value of CONFIG_LEDS_MT_BRIGHTNESS_HW_CHANGED is redefined by fragment /home/nolan-archie/a165f_kernel/kernel-5.10/arch/arm64/configs/../../../../kernel/../out/target/product/a16/obj/KERNEL_OBJ/a16_00_custom.config:
Previous value: # CONFIG_LEDS_MT_BRIGHTNESS_HW_CHANGED is not set
New value: CONFIG_LEDS_MT_BRIGHTNESS_HW_CHANGED=y

Value of CONFIG_LEDS_MTK is redefined by fragment /home/nolan-archie/a165f_kernel/kernel-5.10/arch/arm64/configs/../../../../kernel/../out/target/product/a16/obj/KERNEL_OBJ/a16_00_custom.config:
Previous value: # CONFIG_LEDS_MTK is not set
New value: CONFIG_LEDS_MTK=m

Value of CONFIG_LEDS_PWM is redefined by fragment /home/nolan-archie/a165f_kernel/kernel-5.10/arch/arm64/configs/../../../../kernel/../out/target/product/a16/obj/KERNEL_OBJ/a16_00_custom.config:
Previous value: # CONFIG_LEDS_PWM is not set
New value: CONFIG_LEDS_PWM=m

Value of CONFIG_MTK_VIDEO_LM3644 is redefined by fragment /home/nolan-archie/a165f_kernel/kernel-5.10/arch/arm64/configs/../../../../kernel/../out/target/product/a16/obj/KERNEL_OBJ/a16_00_custom.config:
Previous value: # CONFIG_MTK_VIDEO_LM3644 is not set
New value: CONFIG_MTK_VIDEO_LM3644=m

Value of CONFIG_MTK_VIDEO_SY7806 is redefined by fragment /home/nolan-archie/a165f_kernel/kernel-5.10/arch/arm64/configs/../../../../kernel/../out/target/product/a16/obj/KERNEL_OBJ/a16_00_custom.config:
Previous value: # CONFIG_MTK_VIDEO_SY7806 is not set
New value: CONFIG_MTK_VIDEO_SY7806=m

Value of CONFIG_MTK_VIDEO_KTD2687 is redefined by fragment /home/nolan-archie/a165f_kernel/kernel-5.10/arch/arm64/configs/../../../../kernel/../out/target/product/a16/obj/KERNEL_OBJ/a16_00_custom.config:
Previous value: # CONFIG_MTK_VIDEO_KTD2687 is not set
New value: CONFIG_MTK_VIDEO_KTD2687=m

Value of CONFIG_MTK_FLASHLIGHT is redefined by fragment /home/nolan-archie/a165f_kernel/kernel-5.10/arch/arm64/configs/../../../../kernel/../out/target/product/a16/obj/KERNEL_OBJ/a16_00_custom.config:
Previous value: # CONFIG_MTK_FLASHLIGHT is not set
New value: CONFIG_MTK_FLASHLIGHT=m

Value of CONFIG_MTK_V4L2_FLASHLIGHT is redefined by fragment /home/nolan-archie/a165f_kernel/kernel-5.10/arch/arm64/configs/../../../../kernel/../out/target/product/a16/obj/KERNEL_OBJ/a16_00_custom.config:
Previous value: # CONFIG_MTK_V4L2_FLASHLIGHT is not set
New value: CONFIG_MTK_V4L2_FLASHLIGHT=m

Value of CONFIG_V4L2_FLASH_LED_CLASS is redefined by fragment /home/nolan-archie/a165f_kernel/kernel-5.10/arch/arm64/configs/../../../../kernel/../out/target/product/a16/obj/KERNEL_OBJ/a16_00_custom.config:
Previous value: # CONFIG_V4L2_FLASH_LED_CLASS is not set
New value: CONFIG_V4L2_FLASH_LED_CLASS=m

Value of CONFIG_COMMON_CLK_MT6789 is redefined by fragment /home/nolan-archie/a165f_kernel/kernel-5.10/arch/arm64/configs/../../../../kernel/../out/target/product/a16/obj/KERNEL_OBJ/a16_00_custom.config:
Previous value: # CONFIG_COMMON_CLK_MT6789 is not set
New value: CONFIG_COMMON_CLK_MT6789=m

Value of CONFIG_COMMON_CLK_MT6833 is redefined by fragment /home/nolan-archie/a165f_kernel/kernel-5.10/arch/arm64/configs/../../../../kernel/../out/target/product/a16/obj/KERNEL_OBJ/a16_00_custom.config:
Previous value: # CONFIG_COMMON_CLK_MT6833 is not set
New value: CONFIG_COMMON_CLK_MT6833=m

Value of CONFIG_COMMON_CLK_MT6855 is redefined by fragment /home/nolan-archie/a165f_kernel/kernel-5.10/arch/arm64/configs/../../../../kernel/../out/target/product/a16/obj/KERNEL_OBJ/a16_00_custom.config:
Previous value: # CONFIG_COMMON_CLK_MT6855 is not set
New value: CONFIG_COMMON_CLK_MT6855=m

Value of CONFIG_COMMON_CLK_MT6879 is redefined by fragment /home/nolan-archie/a165f_kernel/kernel-5.10/arch/arm64/configs/../../../../kernel/../out/target/product/a16/obj/KERNEL_OBJ/a16_00_custom.config:
Previous value: # CONFIG_COMMON_CLK_MT6879 is not set
New value: CONFIG_COMMON_CLK_MT6879=m

Value of CONFIG_COMMON_CLK_MT6893 is redefined by fragment /home/nolan-archie/a165f_kernel/kernel-5.10/arch/arm64/configs/../../../../kernel/../out/target/product/a16/obj/KERNEL_OBJ/a16_00_custom.config:
Previous value: # CONFIG_COMMON_CLK_MT6893 is not set
New value: CONFIG_COMMON_CLK_MT6893=m

Value of CONFIG_COMMON_CLK_MT6895 is redefined by fragment /home/nolan-archie/a165f_kernel/kernel-5.10/arch/arm64/configs/../../../../kernel/../out/target/product/a16/obj/KERNEL_OBJ/a16_00_custom.config:
Previous value: # CONFIG_COMMON_CLK_MT6895 is not set
New value: CONFIG_COMMON_CLK_MT6895=m

Value of CONFIG_COMMON_CLK_MT6983 is redefined by fragment /home/nolan-archie/a165f_kernel/kernel-5.10/arch/arm64/configs/../../../../kernel/../out/target/product/a16/obj/KERNEL_OBJ/a16_00_custom.config:
Previous value: # CONFIG_COMMON_CLK_MT6983 is not set
New value: CONFIG_COMMON_CLK_MT6983=m

Value of CONFIG_COMMON_CLK_MTK_FREQ_HOPPING is redefined by fragment /home/nolan-archie/a165f_kernel/kernel-5.10/arch/arm64/configs/../../../../kernel/../out/target/product/a16/obj/KERNEL_OBJ/a16_00_custom.config:
Previous value: # CONFIG_COMMON_CLK_MTK_FREQ_HOPPING is not set
New value: CONFIG_COMMON_CLK_MTK_FREQ_HOPPING=m

Value of CONFIG_MTK_APUSYS_SUPPORT is redefined by fragment /home/nolan-archie/a165f_kernel/kernel-5.10/arch/arm64/configs/../../../../kernel/../out/target/product/a16/obj/KERNEL_OBJ/a16_00_custom.config:
Previous value: # CONFIG_MTK_APUSYS_SUPPORT is not set
New value: CONFIG_MTK_APUSYS_SUPPORT=m

Value of CONFIG_MTK_APUSYS_RT_SUPPORT is redefined by fragment /home/nolan-archie/a165f_kernel/kernel-5.10/arch/arm64/configs/../../../../kernel/../out/target/product/a16/obj/KERNEL_OBJ/a16_00_custom.config:
Previous value: # CONFIG_MTK_APUSYS_RT_SUPPORT is not set
New value: CONFIG_MTK_APUSYS_RT_SUPPORT=y

Value of CONFIG_MTK_APUSYS_MDLA_SUPPORT is redefined by fragment /home/nolan-archie/a165f_kernel/kernel-5.10/arch/arm64/configs/../../../../kernel/../out/target/product/a16/obj/KERNEL_OBJ/a16_00_custom.config:
Previous value: # CONFIG_MTK_APUSYS_MDLA_SUPPORT is not set
New value: CONFIG_MTK_APUSYS_MDLA_SUPPORT=y

Value of CONFIG_MTK_APUSYS_VPU is redefined by fragment /home/nolan-archie/a165f_kernel/kernel-5.10/arch/arm64/configs/../../../../kernel/../out/target/product/a16/obj/KERNEL_OBJ/a16_00_custom.config:
Previous value: # CONFIG_MTK_APUSYS_VPU is not set
New value: CONFIG_MTK_APUSYS_VPU=y

Value of CONFIG_MTK_VPU_SUPPORT is redefined by fragment /home/nolan-archie/a165f_kernel/kernel-5.10/arch/arm64/configs/../../../../kernel/../out/target/product/a16/obj/KERNEL_OBJ/a16_00_custom.config:
Previous value: # CONFIG_MTK_VPU_SUPPORT is not set
New value: CONFIG_MTK_VPU_SUPPORT=y

Value of CONFIG_MTK_VOW_SUPPORT is redefined by fragment /home/nolan-archie/a165f_kernel/kernel-5.10/arch/arm64/configs/../../../../kernel/../out/target/product/a16/obj/KERNEL_OBJ/a16_00_custom.config:
Previous value: # CONFIG_MTK_VOW_SUPPORT is not set
New value: CONFIG_MTK_VOW_SUPPORT=m

Value of CONFIG_MTK_VOW_DSP_VERSION is redefined by fragment /home/nolan-archie/a165f_kernel/kernel-5.10/arch/arm64/configs/../../../../kernel/../out/target/product/a16/obj/KERNEL_OBJ/a16_00_custom.config:
Previous value: CONFIG_MTK_VOW_DSP_VERSION=""
New value: CONFIG_MTK_VOW_DSP_VERSION="ver02"

Value of CONFIG_MTK_VOW_DUAL_MIC_SUPPORT is redefined by fragment /home/nolan-archie/a165f_kernel/kernel-5.10/arch/arm64/configs/../../../../kernel/../out/target/product/a16/obj/KERNEL_OBJ/a16_00_custom.config:
Previous value: # CONFIG_MTK_VOW_DUAL_MIC_SUPPORT is not set
New value: CONFIG_MTK_VOW_DUAL_MIC_SUPPORT=y

Value of CONFIG_MTK_VOW_MAX_PDK_NUMBER is redefined by fragment /home/nolan-archie/a165f_kernel/kernel-5.10/arch/arm64/configs/../../../../kernel/../out/target/product/a16/obj/KERNEL_OBJ/a16_00_custom.config:
Previous value: CONFIG_MTK_VOW_MAX_PDK_NUMBER=0
New value: CONFIG_MTK_VOW_MAX_PDK_NUMBER=2

Value of CONFIG_MTK_APUSYS_EDMA_SUPPORT is redefined by fragment /home/nolan-archie/a165f_kernel/kernel-5.10/arch/arm64/configs/../../../../kernel/../out/target/product/a16/obj/KERNEL_OBJ/a16_00_custom.config:
Previous value: # CONFIG_MTK_APUSYS_EDMA_SUPPORT is not set
New value: CONFIG_MTK_APUSYS_EDMA_SUPPORT=y

Value of CONFIG_MTK_SCHEDULER is redefined by fragment /home/nolan-archie/a165f_kernel/kernel-5.10/arch/arm64/configs/../../../../kernel/../out/target/product/a16/obj/KERNEL_OBJ/a16_00_custom.config:
Previous value: # CONFIG_MTK_SCHEDULER is not set
New value: CONFIG_MTK_SCHEDULER=m

Value of CONFIG_MTK_CPUFREQ_SUGOV_EXT is redefined by fragment /home/nolan-archie/a165f_kernel/kernel-5.10/arch/arm64/configs/../../../../kernel/../out/target/product/a16/obj/KERNEL_OBJ/a16_00_custom.config:
Previous value: # CONFIG_MTK_CPUFREQ_SUGOV_EXT is not set
New value: CONFIG_MTK_CPUFREQ_SUGOV_EXT=m

Value of CONFIG_MTK_CPUQOS_V3 is redefined by fragment /home/nolan-archie/a165f_kernel/kernel-5.10/arch/arm64/configs/../../../../kernel/../out/target/product/a16/obj/KERNEL_OBJ/a16_00_custom.config:
Previous value: # CONFIG_MTK_CPUQOS_V3 is not set
New value: CONFIG_MTK_CPUQOS_V3=m

Value of CONFIG_MTK_TINYSYS_SCP_SUPPORT is redefined by fragment /home/nolan-archie/a165f_kernel/kernel-5.10/arch/arm64/configs/../../../../kernel/../out/target/product/a16/obj/KERNEL_OBJ/a16_00_custom.config:
Previous value: # CONFIG_MTK_TINYSYS_SCP_SUPPORT is not set
New value: CONFIG_MTK_TINYSYS_SCP_SUPPORT=m

Value of CONFIG_MTK_TINYSYS_SSPM_SUPPORT is redefined by fragment /home/nolan-archie/a165f_kernel/kernel-5.10/arch/arm64/configs/../../../../kernel/../out/target/product/a16/obj/KERNEL_OBJ/a16_00_custom.config:
Previous value: # CONFIG_MTK_TINYSYS_SSPM_SUPPORT is not set
New value: CONFIG_MTK_TINYSYS_SSPM_SUPPORT=m

Value of CONFIG_MTK_TINYSYS_SSPM_V3 is redefined by fragment /home/nolan-archie/a165f_kernel/kernel-5.10/arch/arm64/configs/../../../../kernel/../out/target/product/a16/obj/KERNEL_OBJ/a16_00_custom.config:
Previous value: # CONFIG_MTK_TINYSYS_SSPM_V3 is not set
New value: CONFIG_MTK_TINYSYS_SSPM_V3=y

Value of CONFIG_MTK_TINYSYS_VCP_SUPPORT is redefined by fragment /home/nolan-archie/a165f_kernel/kernel-5.10/arch/arm64/configs/../../../../kernel/../out/target/product/a16/obj/KERNEL_OBJ/a16_00_custom.config:
Previous value: # CONFIG_MTK_TINYSYS_VCP_SUPPORT is not set
New value: CONFIG_MTK_TINYSYS_VCP_SUPPORT=m

Value of CONFIG_MTK_AUDIODSP_SUPPORT is redefined by fragment /home/nolan-archie/a165f_kernel/kernel-5.10/arch/arm64/configs/../../../../kernel/../out/target/product/a16/obj/KERNEL_OBJ/a16_00_custom.config:
Previous value: # CONFIG_MTK_AUDIODSP_SUPPORT is not set
New value: CONFIG_MTK_AUDIODSP_SUPPORT=m

Value of CONFIG_SND_SOC_MTK_OFFLOAD is redefined by fragment /home/nolan-archie/a165f_kernel/kernel-5.10/arch/arm64/configs/../../../../kernel/../out/target/product/a16/obj/KERNEL_OBJ/a16_00_custom.config:
Previous value: # CONFIG_SND_SOC_MTK_OFFLOAD is not set
New value: CONFIG_SND_SOC_MTK_OFFLOAD=m

Value of CONFIG_MTK_TINYSYS_MCUPM_SUPPORT is redefined by fragment /home/nolan-archie/a165f_kernel/kernel-5.10/arch/arm64/configs/../../../../kernel/../out/target/product/a16/obj/KERNEL_OBJ/a16_00_custom.config:
Previous value: # CONFIG_MTK_TINYSYS_MCUPM_SUPPORT is not set
New value: CONFIG_MTK_TINYSYS_MCUPM_SUPPORT=m

Value of CONFIG_HW_RANDOM_SECURE is redefined by fragment /home/nolan-archie/a165f_kernel/kernel-5.10/arch/arm64/configs/../../../../kernel/../out/target/product/a16/obj/KERNEL_OBJ/a16_00_custom.config:
Previous value: # CONFIG_HW_RANDOM_SECURE is not set
New value: CONFIG_HW_RANDOM_SECURE=m

Value of CONFIG_RESET_TI_SYSCON is redefined by fragment /home/nolan-archie/a165f_kernel/kernel-5.10/arch/arm64/configs/../../../../kernel/../out/target/product/a16/obj/KERNEL_OBJ/a16_00_custom.config:
Previous value: # CONFIG_RESET_TI_SYSCON is not set
New value: CONFIG_RESET_TI_SYSCON=m

Value of CONFIG_TEE is redefined by fragment /home/nolan-archie/a165f_kernel/kernel-5.10/arch/arm64/configs/../../../../kernel/../out/target/product/a16/obj/KERNEL_OBJ/a16_00_custom.config:
Previous value: # CONFIG_TEE is not set
New value: CONFIG_TEE=m

Value of CONFIG_MTK_PRINTK is redefined by fragment /home/nolan-archie/a165f_kernel/kernel-5.10/arch/arm64/configs/../../../../kernel/../out/target/product/a16/obj/KERNEL_OBJ/a16_00_custom.config:
Previous value: # CONFIG_MTK_PRINTK is not set
New value: CONFIG_MTK_PRINTK=m

Value of CONFIG_MTK_LOW_POWER_MODULE is redefined by fragment /home/nolan-archie/a165f_kernel/kernel-5.10/arch/arm64/configs/../../../../kernel/../out/target/product/a16/obj/KERNEL_OBJ/a16_00_custom.config:
Previous value: # CONFIG_MTK_LOW_POWER_MODULE is not set
New value: CONFIG_MTK_LOW_POWER_MODULE=m

Value of CONFIG_MTK_LPM_GS_DUMP_SUPPORT is redefined by fragment /home/nolan-archie/a165f_kernel/kernel-5.10/arch/arm64/configs/../../../../kernel/../out/target/product/a16/obj/KERNEL_OBJ/a16_00_custom.config:
Previous value: # CONFIG_MTK_LPM_GS_DUMP_SUPPORT is not set
New value: CONFIG_MTK_LPM_GS_DUMP_SUPPORT=y

Value of CONFIG_MTK_PMSR is redefined by fragment /home/nolan-archie/a165f_kernel/kernel-5.10/arch/arm64/configs/../../../../kernel/../out/target/product/a16/obj/KERNEL_OBJ/a16_00_custom.config:
Previous value: # CONFIG_MTK_PMSR is not set
New value: CONFIG_MTK_PMSR=m

Value of CONFIG_MTK_SWPM_PERF_ARMV8_PMU is redefined by fragment /home/nolan-archie/a165f_kernel/kernel-5.10/arch/arm64/configs/../../../../kernel/../out/target/product/a16/obj/KERNEL_OBJ/a16_00_custom.config:
Previous value: # CONFIG_MTK_SWPM_PERF_ARMV8_PMU is not set
New value: CONFIG_MTK_SWPM_PERF_ARMV8_PMU=m

Value of CONFIG_MTK_SWPM_MODULE is redefined by fragment /home/nolan-archie/a165f_kernel/kernel-5.10/arch/arm64/configs/../../../../kernel/../out/target/product/a16/obj/KERNEL_OBJ/a16_00_custom.config:
Previous value: # CONFIG_MTK_SWPM_MODULE is not set
New value: CONFIG_MTK_SWPM_MODULE=m

Value of CONFIG_MTK_SLBC is redefined by fragment /home/nolan-archie/a165f_kernel/kernel-5.10/arch/arm64/configs/../../../../kernel/../out/target/product/a16/obj/KERNEL_OBJ/a16_00_custom.config:
Previous value: # CONFIG_MTK_SLBC is not set
New value: CONFIG_MTK_SLBC=m

Value of CONFIG_MTK_SLBC_MT6893 is redefined by fragment /home/nolan-archie/a165f_kernel/kernel-5.10/arch/arm64/configs/../../../../kernel/../out/target/product/a16/obj/KERNEL_OBJ/a16_00_custom.config:
Previous value: # CONFIG_MTK_SLBC_MT6893 is not set
New value: CONFIG_MTK_SLBC_MT6893=m

Value of CONFIG_MTK_SLBC_MT6983 is redefined by fragment /home/nolan-archie/a165f_kernel/kernel-5.10/arch/arm64/configs/../../../../kernel/../out/target/product/a16/obj/KERNEL_OBJ/a16_00_custom.config:
Previous value: # CONFIG_MTK_SLBC_MT6983 is not set
New value: CONFIG_MTK_SLBC_MT6983=m

Value of CONFIG_MTK_SLBC_MT6895 is redefined by fragment /home/nolan-archie/a165f_kernel/kernel-5.10/arch/arm64/configs/../../../../kernel/../out/target/product/a16/obj/KERNEL_OBJ/a16_00_custom.config:
Previous value: # CONFIG_MTK_SLBC_MT6895 is not set
New value: CONFIG_MTK_SLBC_MT6895=m

Value of CONFIG_MTK_SLBC_IPI is redefined by fragment /home/nolan-archie/a165f_kernel/kernel-5.10/arch/arm64/configs/../../../../kernel/../out/target/product/a16/obj/KERNEL_OBJ/a16_00_custom.config:
Previous value: # CONFIG_MTK_SLBC_IPI is not set
New value: CONFIG_MTK_SLBC_IPI=m

Value of CONFIG_MTK_SLBC_MMSRAM is redefined by fragment /home/nolan-archie/a165f_kernel/kernel-5.10/arch/arm64/configs/../../../../kernel/../out/target/product/a16/obj/KERNEL_OBJ/a16_00_custom.config:
Previous value: # CONFIG_MTK_SLBC_MMSRAM is not set
New value: CONFIG_MTK_SLBC_MMSRAM=m

Value of CONFIG_MTK_CAMERA_ISP_SUPPORT is redefined by fragment /home/nolan-archie/a165f_kernel/kernel-5.10/arch/arm64/configs/../../../../kernel/../out/target/product/a16/obj/KERNEL_OBJ/a16_00_custom.config:
Previous value: # CONFIG_MTK_CAMERA_ISP_SUPPORT is not set
New value: CONFIG_MTK_CAMERA_ISP_SUPPORT=m

Value of CONFIG_MTK_CAMERA_ISP_PDA_SUPPORT is redefined by fragment /home/nolan-archie/a165f_kernel/kernel-5.10/arch/arm64/configs/../../../../kernel/../out/target/product/a16/obj/KERNEL_OBJ/a16_00_custom.config:
Previous value: # CONFIG_MTK_CAMERA_ISP_PDA_SUPPORT is not set
New value: CONFIG_MTK_CAMERA_ISP_PDA_SUPPORT=m

Value of CONFIG_MTK_CAMERA_FD_ISP7 is redefined by fragment /home/nolan-archie/a165f_kernel/kernel-5.10/arch/arm64/configs/../../../../kernel/../out/target/product/a16/obj/KERNEL_OBJ/a16_00_custom.config:
Previous value: # CONFIG_MTK_CAMERA_FD_ISP7 is not set
New value: CONFIG_MTK_CAMERA_FD_ISP7=m

Value of CONFIG_MTK_CCU is redefined by fragment /home/nolan-archie/a165f_kernel/kernel-5.10/arch/arm64/configs/../../../../kernel/../out/target/product/a16/obj/KERNEL_OBJ/a16_00_custom.config:
Previous value: # CONFIG_MTK_CCU is not set
New value: CONFIG_MTK_CCU=m

Value of CONFIG_MTK_CCU_RPROC is redefined by fragment /home/nolan-archie/a165f_kernel/kernel-5.10/arch/arm64/configs/../../../../kernel/../out/target/product/a16/obj/KERNEL_OBJ/a16_00_custom.config:
Previous value: # CONFIG_MTK_CCU_RPROC is not set
New value: CONFIG_MTK_CCU_RPROC=m

Value of CONFIG_VIDEO_MEDIATEK_VCU is redefined by fragment /home/nolan-archie/a165f_kernel/kernel-5.10/arch/arm64/configs/../../../../kernel/../out/target/product/a16/obj/KERNEL_OBJ/a16_00_custom.config:
Previous value: # CONFIG_VIDEO_MEDIATEK_VCU is not set
New value: CONFIG_VIDEO_MEDIATEK_VCU=m

Value of CONFIG_VB2_MEDIATEK_DMA_CONTIG is redefined by fragment /home/nolan-archie/a165f_kernel/kernel-5.10/arch/arm64/configs/../../../../kernel/../out/target/product/a16/obj/KERNEL_OBJ/a16_00_custom.config:
Previous value: # CONFIG_VB2_MEDIATEK_DMA_CONTIG is not set
New value: CONFIG_VB2_MEDIATEK_DMA_CONTIG=m

Value of CONFIG_MTK_SENSOR_SUPPORT is redefined by fragment /home/nolan-archie/a165f_kernel/kernel-5.10/arch/arm64/configs/../../../../kernel/../out/target/product/a16/obj/KERNEL_OBJ/a16_00_custom.config:
Previous value: # CONFIG_MTK_SENSOR_SUPPORT is not set
New value: CONFIG_MTK_SENSOR_SUPPORT=n

Value of CONFIG_MTK_SENSORHUB is redefined by fragment /home/nolan-archie/a165f_kernel/kernel-5.10/arch/arm64/configs/../../../../kernel/../out/target/product/a16/obj/KERNEL_OBJ/a16_00_custom.config:
Previous value: # CONFIG_MTK_SENSORHUB is not set
New value: CONFIG_MTK_SENSORHUB=n

Value of CONFIG_MTK_MET is redefined by fragment /home/nolan-archie/a165f_kernel/kernel-5.10/arch/arm64/configs/../../../../kernel/../out/target/product/a16/obj/KERNEL_OBJ/a16_00_custom.config:
Previous value: # CONFIG_MTK_MET is not set
New value: CONFIG_MTK_MET=m

Value of CONFIG_ZSMALLOC is redefined by fragment /home/nolan-archie/a165f_kernel/kernel-5.10/arch/arm64/configs/../../../../kernel/../out/target/product/a16/obj/KERNEL_OBJ/a16_00_custom.config:
Previous value: # CONFIG_ZSMALLOC is not set
New value: CONFIG_ZSMALLOC=m

Value of CONFIG_MTK_USB_TYPEC_MUX is redefined by fragment /home/nolan-archie/a165f_kernel/kernel-5.10/arch/arm64/configs/../../../../kernel/../out/target/product/a16/obj/KERNEL_OBJ/a16_00_custom.config:
Previous value: # CONFIG_MTK_USB_TYPEC_MUX is not set
New value: CONFIG_MTK_USB_TYPEC_MUX=m

Value of CONFIG_TYPEC_MUX_ALPHA_FSA4480 is redefined by fragment /home/nolan-archie/a165f_kernel/kernel-5.10/arch/arm64/configs/../../../../kernel/../out/target/product/a16/obj/KERNEL_OBJ/a16_00_custom.config:
Previous value: # CONFIG_TYPEC_MUX_ALPHA_FSA4480 is not set
New value: CONFIG_TYPEC_MUX_ALPHA_FSA4480=m

Value of CONFIG_MMSTAT_TRACER is redefined by fragment /home/nolan-archie/a165f_kernel/kernel-5.10/arch/arm64/configs/../../../../kernel/../out/target/product/a16/obj/KERNEL_OBJ/a16_00_custom.config:
Previous value: # CONFIG_MMSTAT_TRACER is not set
New value: CONFIG_MMSTAT_TRACER=m

Value of CONFIG_MTK_CM_MGR is redefined by fragment /home/nolan-archie/a165f_kernel/kernel-5.10/arch/arm64/configs/../../../../kernel/../out/target/product/a16/obj/KERNEL_OBJ/a16_00_custom.config:
Previous value: # CONFIG_MTK_CM_MGR is not set
New value: CONFIG_MTK_CM_MGR=m

Value of CONFIG_MTK_CM_IPI is redefined by fragment /home/nolan-archie/a165f_kernel/kernel-5.10/arch/arm64/configs/../../../../kernel/../out/target/product/a16/obj/KERNEL_OBJ/a16_00_custom.config:
Previous value: # CONFIG_MTK_CM_IPI is not set
New value: CONFIG_MTK_CM_IPI=m

Value of CONFIG_MTK_CM_MGR_MT6789 is redefined by fragment /home/nolan-archie/a165f_kernel/kernel-5.10/arch/arm64/configs/../../../../kernel/../out/target/product/a16/obj/KERNEL_OBJ/a16_00_custom.config:
Previous value: # CONFIG_MTK_CM_MGR_MT6789 is not set
New value: CONFIG_MTK_CM_MGR_MT6789=m

Value of CONFIG_MTK_CM_MGR_MT6855 is redefined by fragment /home/nolan-archie/a165f_kernel/kernel-5.10/arch/arm64/configs/../../../../kernel/../out/target/product/a16/obj/KERNEL_OBJ/a16_00_custom.config:
Previous value: # CONFIG_MTK_CM_MGR_MT6855 is not set
New value: CONFIG_MTK_CM_MGR_MT6855=m

Value of CONFIG_MTK_CM_MGR_MT6893 is redefined by fragment /home/nolan-archie/a165f_kernel/kernel-5.10/arch/arm64/configs/../../../../kernel/../out/target/product/a16/obj/KERNEL_OBJ/a16_00_custom.config:
Previous value: # CONFIG_MTK_CM_MGR_MT6893 is not set
New value: CONFIG_MTK_CM_MGR_MT6893=m

Value of CONFIG_MTK_CM_MGR_MT6983 is redefined by fragment /home/nolan-archie/a165f_kernel/kernel-5.10/arch/arm64/configs/../../../../kernel/../out/target/product/a16/obj/KERNEL_OBJ/a16_00_custom.config:
Previous value: # CONFIG_MTK_CM_MGR_MT6983 is not set
New value: CONFIG_MTK_CM_MGR_MT6983=m

Value of CONFIG_MTK_CM_MGR_MT6879 is redefined by fragment /home/nolan-archie/a165f_kernel/kernel-5.10/arch/arm64/configs/../../../../kernel/../out/target/product/a16/obj/KERNEL_OBJ/a16_00_custom.config:
Previous value: # CONFIG_MTK_CM_MGR_MT6879 is not set
New value: CONFIG_MTK_CM_MGR_MT6879=m

Value of CONFIG_MTK_CM_MGR_MT6895 is redefined by fragment /home/nolan-archie/a165f_kernel/kernel-5.10/arch/arm64/configs/../../../../kernel/../out/target/product/a16/obj/KERNEL_OBJ/a16_00_custom.config:
Previous value: # CONFIG_MTK_CM_MGR_MT6895 is not set
New value: CONFIG_MTK_CM_MGR_MT6895=m

Value of CONFIG_MTK_QOS_FRAMEWORK is redefined by fragment /home/nolan-archie/a165f_kernel/kernel-5.10/arch/arm64/configs/../../../../kernel/../out/target/product/a16/obj/KERNEL_OBJ/a16_00_custom.config:
Previous value: # CONFIG_MTK_QOS_FRAMEWORK is not set
New value: CONFIG_MTK_QOS_FRAMEWORK=m

Value of CONFIG_MTK_QOS_MT6893 is redefined by fragment /home/nolan-archie/a165f_kernel/kernel-5.10/arch/arm64/configs/../../../../kernel/../out/target/product/a16/obj/KERNEL_OBJ/a16_00_custom.config:
Previous value: # CONFIG_MTK_QOS_MT6893 is not set
New value: CONFIG_MTK_QOS_MT6893=y

Value of CONFIG_MMC_MTK is redefined by fragment /home/nolan-archie/a165f_kernel/kernel-5.10/arch/arm64/configs/../../../../kernel/../out/target/product/a16/obj/KERNEL_OBJ/a16_00_custom.config:
Previous value: # CONFIG_MMC_MTK is not set
New value: CONFIG_MMC_MTK=m

Value of CONFIG_MMC_MTK_PRO is redefined by fragment /home/nolan-archie/a165f_kernel/kernel-5.10/arch/arm64/configs/../../../../kernel/../out/target/product/a16/obj/KERNEL_OBJ/a16_00_custom.config:
Previous value: # CONFIG_MMC_MTK_PRO is not set
New value: CONFIG_MMC_MTK_PRO=m

Value of CONFIG_MMC_CQHCI is redefined by fragment /home/nolan-archie/a165f_kernel/kernel-5.10/arch/arm64/configs/../../../../kernel/../out/target/product/a16/obj/KERNEL_OBJ/a16_00_custom.config:
Previous value: # CONFIG_MMC_CQHCI is not set
New value: CONFIG_MMC_CQHCI=m

Value of CONFIG_MMC_AUTOK is redefined by fragment /home/nolan-archie/a165f_kernel/kernel-5.10/arch/arm64/configs/../../../../kernel/../out/target/product/a16/obj/KERNEL_OBJ/a16_00_custom.config:
Previous value: # CONFIG_MMC_AUTOK is not set
New value: CONFIG_MMC_AUTOK=m

Value of CONFIG_MMC_DEBUG is redefined by fragment /home/nolan-archie/a165f_kernel/kernel-5.10/arch/arm64/configs/../../../../kernel/../out/target/product/a16/obj/KERNEL_OBJ/a16_00_custom.config:
Previous value: # CONFIG_MMC_DEBUG is not set
New value: CONFIG_MMC_DEBUG=m

Value of CONFIG_MTK_FPSGO_V3 is redefined by fragment /home/nolan-archie/a165f_kernel/kernel-5.10/arch/arm64/configs/../../../../kernel/../out/target/product/a16/obj/KERNEL_OBJ/a16_00_custom.config:
Previous value: # CONFIG_MTK_FPSGO_V3 is not set
New value: CONFIG_MTK_FPSGO_V3=m

Value of CONFIG_MTK_PERFORMANCE_MODULE is redefined by fragment /home/nolan-archie/a165f_kernel/kernel-5.10/arch/arm64/configs/../../../../kernel/../out/target/product/a16/obj/KERNEL_OBJ/a16_00_custom.config:
Previous value: # CONFIG_MTK_PERFORMANCE_MODULE is not set
New value: CONFIG_MTK_PERFORMANCE_MODULE=m

Value of CONFIG_MTK_FRS is redefined by fragment /home/nolan-archie/a165f_kernel/kernel-5.10/arch/arm64/configs/../../../../kernel/../out/target/product/a16/obj/KERNEL_OBJ/a16_00_custom.config:
Previous value: # CONFIG_MTK_FRS is not set
New value: CONFIG_MTK_FRS=m

Value of CONFIG_MTK_BLOCK_IO_TRACER is redefined by fragment /home/nolan-archie/a165f_kernel/kernel-5.10/arch/arm64/configs/../../../../kernel/../out/target/product/a16/obj/KERNEL_OBJ/a16_00_custom.config:
Previous value: # CONFIG_MTK_BLOCK_IO_TRACER is not set
New value: CONFIG_MTK_BLOCK_IO_TRACER=m

Value of CONFIG_MTK_PWM is redefined by fragment /home/nolan-archie/a165f_kernel/kernel-5.10/arch/arm64/configs/../../../../kernel/../out/target/product/a16/obj/KERNEL_OBJ/a16_00_custom.config:
Previous value: # CONFIG_MTK_PWM is not set
New value: CONFIG_MTK_PWM=m

Value of CONFIG_MTK_PID_MAP is redefined by fragment /home/nolan-archie/a165f_kernel/kernel-5.10/arch/arm64/configs/../../../../kernel/../out/target/product/a16/obj/KERNEL_OBJ/a16_00_custom.config:
Previous value: # CONFIG_MTK_PID_MAP is not set
New value: CONFIG_MTK_PID_MAP=m

Value of CONFIG_ARM_DSU_PMU is redefined by fragment /home/nolan-archie/a165f_kernel/kernel-5.10/arch/arm64/configs/../../../../kernel/../out/target/product/a16/obj/KERNEL_OBJ/a16_00_custom.config:
Previous value: # CONFIG_ARM_DSU_PMU is not set
New value: CONFIG_ARM_DSU_PMU=m

Value of CONFIG_MTK_CAM_CAL is redefined by fragment /home/nolan-archie/a165f_kernel/kernel-5.10/arch/arm64/configs/../../../../kernel/../out/target/product/a16/obj/KERNEL_OBJ/a16_00_custom.config:
Previous value: # CONFIG_MTK_CAM_CAL is not set
New value: CONFIG_MTK_CAM_CAL=m

Value of CONFIG_MTK_HANG_DETECT is redefined by fragment /home/nolan-archie/a165f_kernel/kernel-5.10/arch/arm64/configs/../../../../kernel/../out/target/product/a16/obj/KERNEL_OBJ/a16_00_custom.config:
Previous value: # CONFIG_MTK_HANG_DETECT is not set
New value: CONFIG_MTK_HANG_DETECT=m

Value of CONFIG_MTK_SUBPMIC_MISC is redefined by fragment /home/nolan-archie/a165f_kernel/kernel-5.10/arch/arm64/configs/../../../../kernel/../out/target/product/a16/obj/KERNEL_OBJ/a16_00_custom.config:
Previous value: # CONFIG_MTK_SUBPMIC_MISC is not set
New value: CONFIG_MTK_SUBPMIC_MISC=m

Value of CONFIG_IIO_TRIGGERED_BUFFER is redefined by fragment /home/nolan-archie/a165f_kernel/kernel-5.10/arch/arm64/configs/../../../../kernel/../out/target/product/a16/obj/KERNEL_OBJ/a16_00_custom.config:
Previous value: # CONFIG_IIO_TRIGGERED_BUFFER is not set
New value: CONFIG_IIO_TRIGGERED_BUFFER=m

Value of CONFIG_MTK_JPEG is redefined by fragment /home/nolan-archie/a165f_kernel/kernel-5.10/arch/arm64/configs/../../../../kernel/../out/target/product/a16/obj/KERNEL_OBJ/a16_00_custom.config:
Previous value: # CONFIG_MTK_JPEG is not set
New value: CONFIG_MTK_JPEG=m

Value of CONFIG_MTK_SDA is redefined by fragment /home/nolan-archie/a165f_kernel/kernel-5.10/arch/arm64/configs/../../../../kernel/../out/target/product/a16/obj/KERNEL_OBJ/a16_00_custom.config:
Previous value: # CONFIG_MTK_SDA is not set
New value: CONFIG_MTK_SDA=y

Value of CONFIG_MEDIATEK_CPUFREQ_DEBUG_LITE is redefined by fragment /home/nolan-archie/a165f_kernel/kernel-5.10/arch/arm64/configs/../../../../kernel/../out/target/product/a16/obj/KERNEL_OBJ/a16_00_custom.config:
Previous value: # CONFIG_MEDIATEK_CPUFREQ_DEBUG_LITE is not set
New value: CONFIG_MEDIATEK_CPUFREQ_DEBUG_LITE=m

Value of CONFIG_CFG80211 is redefined by fragment /home/nolan-archie/a165f_kernel/kernel-5.10/arch/arm64/configs/../../../../kernel/../out/target/product/a16/obj/KERNEL_OBJ/a16_00_custom.config:
Previous value: # CONFIG_CFG80211 is not set
New value: CONFIG_CFG80211=m

Value of CONFIG_MTK_V4L2_IMGSENSOR is redefined by fragment /home/nolan-archie/a165f_kernel/kernel-5.10/arch/arm64/configs/../../../../kernel/../out/target/product/a16/obj/KERNEL_OBJ/a16_00_custom.config:
Previous value: # CONFIG_MTK_V4L2_IMGSENSOR is not set
New value: CONFIG_MTK_V4L2_IMGSENSOR=m

Value of CONFIG_MTK_CCD_REMOTEPROC is redefined by fragment /home/nolan-archie/a165f_kernel/kernel-5.10/arch/arm64/configs/../../../../kernel/../out/target/product/a16/obj/KERNEL_OBJ/a16_00_custom.config:
Previous value: # CONFIG_MTK_CCD_REMOTEPROC is not set
New value: CONFIG_MTK_CCD_REMOTEPROC=m

Value of CONFIG_VIDEO_MTK_ISP_CAMSYS is redefined by fragment /home/nolan-archie/a165f_kernel/kernel-5.10/arch/arm64/configs/../../../../kernel/../out/target/product/a16/obj/KERNEL_OBJ/a16_00_custom.config:
Previous value: # CONFIG_VIDEO_MTK_ISP_CAMSYS is not set
New value: CONFIG_VIDEO_MTK_ISP_CAMSYS=m

Value of CONFIG_VIDEO_MTK_ISP_HCP is redefined by fragment /home/nolan-archie/a165f_kernel/kernel-5.10/arch/arm64/configs/../../../../kernel/../out/target/product/a16/obj/KERNEL_OBJ/a16_00_custom.config:
Previous value: # CONFIG_VIDEO_MTK_ISP_HCP is not set
New value: CONFIG_VIDEO_MTK_ISP_HCP=m

Value of CONFIG_VIDEO_MTK_ISP_IMGSYS is redefined by fragment /home/nolan-archie/a165f_kernel/kernel-5.10/arch/arm64/configs/../../../../kernel/../out/target/product/a16/obj/KERNEL_OBJ/a16_00_custom.config:
Previous value: # CONFIG_VIDEO_MTK_ISP_IMGSYS is not set
New value: CONFIG_VIDEO_MTK_ISP_IMGSYS=m

Value of CONFIG_VIDEO_MTK_ISP_IPESYS is redefined by fragment /home/nolan-archie/a165f_kernel/kernel-5.10/arch/arm64/configs/../../../../kernel/../out/target/product/a16/obj/KERNEL_OBJ/a16_00_custom.config:
Previous value: # CONFIG_VIDEO_MTK_ISP_IPESYS is not set
New value: CONFIG_VIDEO_MTK_ISP_IPESYS=m

Value of CONFIG_RPMSG_MTK_CCD is redefined by fragment /home/nolan-archie/a165f_kernel/kernel-5.10/arch/arm64/configs/../../../../kernel/../out/target/product/a16/obj/KERNEL_OBJ/a16_00_custom.config:
Previous value: # CONFIG_RPMSG_MTK_CCD is not set
New value: CONFIG_RPMSG_MTK_CCD=m

Value of CONFIG_MTK_SSC_MODULE is redefined by fragment /home/nolan-archie/a165f_kernel/kernel-5.10/arch/arm64/configs/../../../../kernel/../out/target/product/a16/obj/KERNEL_OBJ/a16_00_custom.config:
Previous value: # CONFIG_MTK_SSC_MODULE is not set
New value: CONFIG_MTK_SSC_MODULE=m

Value of CONFIG_MTK_WIDEVINE_DRM is redefined by fragment /home/nolan-archie/a165f_kernel/kernel-5.10/arch/arm64/configs/../../../../kernel/../out/target/product/a16/obj/KERNEL_OBJ/a16_00_custom.config:
Previous value: # CONFIG_MTK_WIDEVINE_DRM is not set
New value: CONFIG_MTK_WIDEVINE_DRM=m

Value of CONFIG_MTK_LOAD_TRACKER is redefined by fragment /home/nolan-archie/a165f_kernel/kernel-5.10/arch/arm64/configs/../../../../kernel/../out/target/product/a16/obj/KERNEL_OBJ/a16_00_custom.config:
Previous value: # CONFIG_MTK_LOAD_TRACKER is not set
New value: CONFIG_MTK_LOAD_TRACKER=m

Value of CONFIG_MTK_ULTRASND_PROXIMITY is redefined by fragment /home/nolan-archie/a165f_kernel/kernel-5.10/arch/arm64/configs/../../../../kernel/../out/target/product/a16/obj/KERNEL_OBJ/a16_00_custom.config:
Previous value: # CONFIG_MTK_ULTRASND_PROXIMITY is not set
New value: CONFIG_MTK_ULTRASND_PROXIMITY=m

Value of CONFIG_MTK_VDEC_FMT is redefined by fragment /home/nolan-archie/a165f_kernel/kernel-5.10/arch/arm64/configs/../../../../kernel/../out/target/product/a16/obj/KERNEL_OBJ/a16_00_custom.config:
Previous value: # CONFIG_MTK_VDEC_FMT is not set
New value: CONFIG_MTK_VDEC_FMT=m

Value of CONFIG_GAUGE_MT6983_ALPHA_SUPPORT is redefined by fragment /home/nolan-archie/a165f_kernel/kernel-5.10/arch/arm64/configs/../../../../kernel/../out/target/product/a16/obj/KERNEL_OBJ/a16_00_custom.config:
Previous value: # CONFIG_GAUGE_MT6983_ALPHA_SUPPORT is not set
New value: CONFIG_GAUGE_MT6983_ALPHA_SUPPORT=m

Value of CONFIG_EXT_MODULES is redefined by fragment /home/nolan-archie/a165f_kernel/kernel-5.10/arch/arm64/configs/../../../../kernel/../out/target/product/a16/obj/KERNEL_OBJ/a16_00_custom.config:
Previous value: CONFIG_EXT_MODULES=""
New value: CONFIG_EXT_MODULES="../vendor/mediatek/kernel_modules/connectivity/common ../vendor/mediatek/kernel_modules/connectivity/conninfra ../vendor/mediatek/kernel_modules/connectivity/connfem ../vendor/mediatek/kernel_modules/connectivity/gps/gps_stp ../vendor/mediatek/kernel_modules/connectivity/gps/data_link/plat/v010 ../vendor/mediatek/kernel_modules/connectivity/gps/data_link/plat/v030 ../vendor/mediatek/kernel_modules/connectivity/gps/data_link/plat/v050 ../vendor/mediatek/kernel_modules/connectivity/gps/gps_pwr ../vendor/mediatek/kernel_modules/connectivity/gps/gps_scp ../vendor/mediatek/kernel_modules/gpu ../vendor/mediatek/kernel_modules/connectivity/fmradio"

Value of CONFIG_NFC_CHIP_SUPPORT is redefined by fragment /home/nolan-archie/a165f_kernel/kernel-5.10/arch/arm64/configs/../../../../kernel/../out/target/product/a16/obj/KERNEL_OBJ/a16_00_custom.config:
Previous value: # CONFIG_NFC_CHIP_SUPPORT is not set
New value: CONFIG_NFC_CHIP_SUPPORT=y

Value of CONFIG_MTK_TC10_FEATURE is redefined by fragment /home/nolan-archie/a165f_kernel/kernel-5.10/arch/arm64/configs/../../../../kernel/../out/target/product/a16/obj/KERNEL_OBJ/a16_00_custom.config:
Previous value: # CONFIG_MTK_TC10_FEATURE is not set
New value: CONFIG_MTK_TC10_FEATURE=y

Value of CONFIG_INET6_AH is redefined by fragment /home/nolan-archie/a165f_kernel/kernel-5.10/arch/arm64/configs/../../../../kernel/../out/target/product/a16/obj/KERNEL_OBJ/a16_00_custom.config:
Previous value: # CONFIG_INET6_AH is not set
New value: CONFIG_INET6_AH=y

Value of CONFIG_IP_NF_MATCH_AH is redefined by fragment /home/nolan-archie/a165f_kernel/kernel-5.10/arch/arm64/configs/../../../../kernel/../out/target/product/a16/obj/KERNEL_OBJ/a16_00_custom.config:
Previous value: # CONFIG_IP_NF_MATCH_AH is not set
New value: CONFIG_IP_NF_MATCH_AH=y

Value of CONFIG_IP_NF_MATCH_RPFILTER is redefined by fragment /home/nolan-archie/a165f_kernel/kernel-5.10/arch/arm64/configs/../../../../kernel/../out/target/product/a16/obj/KERNEL_OBJ/a16_00_custom.config:
Previous value: # CONFIG_IP_NF_MATCH_RPFILTER is not set
New value: CONFIG_IP_NF_MATCH_RPFILTER=y

Value of CONFIG_TZDEV is redefined by fragment /home/nolan-archie/a165f_kernel/kernel-5.10/arch/arm64/configs/../../../../kernel/../out/target/product/a16/obj/KERNEL_OBJ/a16_00_custom.config:
Previous value: # CONFIG_TZDEV is not set
New value: CONFIG_TZDEV=m

Value of CONFIG_SAMSUNG_TUI is redefined by fragment /home/nolan-archie/a165f_kernel/kernel-5.10/arch/arm64/configs/../../../../kernel/../out/target/product/a16/obj/KERNEL_OBJ/a16_00_custom.config:
Previous value: # CONFIG_SAMSUNG_TUI is not set
New value: CONFIG_SAMSUNG_TUI=m

Value of CONFIG_SEC_PM is redefined by fragment /home/nolan-archie/a165f_kernel/kernel-5.10/arch/arm64/configs/../../../../kernel/../out/target/product/a16/obj/KERNEL_OBJ/a16_00_custom.config:
Previous value: # CONFIG_SEC_PM is not set
New value: CONFIG_SEC_PM=y

Value of CONFIG_CPU_FREQ_LIMIT is redefined by fragment /home/nolan-archie/a165f_kernel/kernel-5.10/arch/arm64/configs/../../../../kernel/../out/target/product/a16/obj/KERNEL_OBJ/a16_00_custom.config:
Previous value: # CONFIG_CPU_FREQ_LIMIT is not set
New value: CONFIG_CPU_FREQ_LIMIT=m

Value of CONFIG_FOTA_LIMIT is redefined by fragment /home/nolan-archie/a165f_kernel/kernel-5.10/arch/arm64/configs/../../../../kernel/../out/target/product/a16/obj/KERNEL_OBJ/a16_00_custom.config:
Previous value: # CONFIG_FOTA_LIMIT is not set
New value: CONFIG_FOTA_LIMIT=y

Value of CONFIG_MQ_IOSCHED_SSG is redefined by fragment /home/nolan-archie/a165f_kernel/kernel-5.10/arch/arm64/configs/../../../../kernel/../out/target/product/a16/obj/KERNEL_OBJ/a16_00_custom.config:
Previous value: # CONFIG_MQ_IOSCHED_SSG is not set
New value: CONFIG_MQ_IOSCHED_SSG=m

Value of CONFIG_BLK_SEC_STATS is redefined by fragment /home/nolan-archie/a165f_kernel/kernel-5.10/arch/arm64/configs/../../../../kernel/../out/target/product/a16/obj/KERNEL_OBJ/a16_00_custom.config:
Previous value: # CONFIG_BLK_SEC_STATS is not set
New value: CONFIG_BLK_SEC_STATS=m

Value of CONFIG_UH is redefined by fragment /home/nolan-archie/a165f_kernel/kernel-5.10/arch/arm64/configs/../../../../kernel/../out/target/product/a16/obj/KERNEL_OBJ/a16_00_custom.config:
Previous value: # CONFIG_UH is not set
New value: CONFIG_UH=y CONFIG_UH=n

Value of CONFIG_CRYPTO_TWOFISH is redefined by fragment /home/nolan-archie/a165f_kernel/kernel-5.10/arch/arm64/configs/../../../../kernel/../out/target/product/a16/obj/KERNEL_OBJ/a16_00_custom.config:
Previous value: # CONFIG_CRYPTO_TWOFISH is not set
New value: CONFIG_CRYPTO_TWOFISH=y

Value of CONFIG_SEC_PANEL_NOTIFIER_V2 is redefined by fragment /home/nolan-archie/a165f_kernel/kernel-5.10/arch/arm64/configs/../../../../kernel/../out/target/product/a16/obj/KERNEL_OBJ/a16_00_custom.config:
Previous value: # CONFIG_SEC_PANEL_NOTIFIER_V2 is not set
New value: CONFIG_SEC_PANEL_NOTIFIER_V2=m

Value of CONFIG_USB_TYPEC_MANAGER_NOTIFIER is redefined by fragment /home/nolan-archie/a165f_kernel/kernel-5.10/arch/arm64/configs/../../../../kernel/../out/target/product/a16/obj/KERNEL_OBJ/a16_00_custom.config:
Previous value: # CONFIG_USB_TYPEC_MANAGER_NOTIFIER is not set
New value: CONFIG_USB_TYPEC_MANAGER_NOTIFIER=m

Value of CONFIG_IF_CB_MANAGER is redefined by fragment /home/nolan-archie/a165f_kernel/kernel-5.10/arch/arm64/configs/../../../../kernel/../out/target/product/a16/obj/KERNEL_OBJ/a16_00_custom.config:
Previous value: # CONFIG_IF_CB_MANAGER is not set
New value: CONFIG_IF_CB_MANAGER=m

Value of CONFIG_SECURITY_DEFEX is redefined by fragment /home/nolan-archie/a165f_kernel/kernel-5.10/arch/arm64/configs/../../../../kernel/../out/target/product/a16/obj/KERNEL_OBJ/a16_00_custom.config:
Previous value: # CONFIG_SECURITY_DEFEX is not set
New value: CONFIG_SECURITY_DEFEX=y CONFIG_SECURITY_DEFEX=n

Value of CONFIG_INPUT_SEC_INPUT is redefined by fragment /home/nolan-archie/a165f_kernel/kernel-5.10/arch/arm64/configs/../../../../kernel/../out/target/product/a16/obj/KERNEL_OBJ/a16_00_custom.config:
Previous value: # CONFIG_INPUT_SEC_INPUT is not set
New value: CONFIG_INPUT_SEC_INPUT=m

Value of CONFIG_INPUT_SEC_NOTIFIER is redefined by fragment /home/nolan-archie/a165f_kernel/kernel-5.10/arch/arm64/configs/../../../../kernel/../out/target/product/a16/obj/KERNEL_OBJ/a16_00_custom.config:
Previous value: # CONFIG_INPUT_SEC_NOTIFIER is not set
New value: CONFIG_INPUT_SEC_NOTIFIER=m

Value of CONFIG_SEC_DEBUG_TSP_LOG is redefined by fragment /home/nolan-archie/a165f_kernel/kernel-5.10/arch/arm64/configs/../../../../kernel/../out/target/product/a16/obj/KERNEL_OBJ/a16_00_custom.config:
Previous value: # CONFIG_SEC_DEBUG_TSP_LOG is not set
New value: CONFIG_SEC_DEBUG_TSP_LOG=m

Value of CONFIG_TOUCHSCREEN_DUMP_MODE is redefined by fragment /home/nolan-archie/a165f_kernel/kernel-5.10/arch/arm64/configs/../../../../kernel/../out/target/product/a16/obj/KERNEL_OBJ/a16_00_custom.config:
Previous value: # CONFIG_TOUCHSCREEN_DUMP_MODE is not set
New value: CONFIG_TOUCHSCREEN_DUMP_MODE=m

Value of CONFIG_SEC_INPUT_HEADER is redefined by fragment /home/nolan-archie/a165f_kernel/kernel-5.10/arch/arm64/configs/../../../../kernel/../out/target/product/a16/obj/KERNEL_OBJ/a16_00_custom.config:
Previous value: # CONFIG_SEC_INPUT_HEADER is not set
New value: CONFIG_SEC_INPUT_HEADER=y

Value of CONFIG_VBUS_NOTIFIER is redefined by fragment /home/nolan-archie/a165f_kernel/kernel-5.10/arch/arm64/configs/../../../../kernel/../out/target/product/a16/obj/KERNEL_OBJ/a16_00_custom.config:
Previous value: # CONFIG_VBUS_NOTIFIER is not set
New value: CONFIG_VBUS_NOTIFIER=m

Value of CONFIG_USE_MUIC is redefined by fragment /home/nolan-archie/a165f_kernel/kernel-5.10/arch/arm64/configs/../../../../kernel/../out/target/product/a16/obj/KERNEL_OBJ/a16_00_custom.config:
Previous value: # CONFIG_USE_MUIC is not set
New value: CONFIG_USE_MUIC=y

Value of CONFIG_SEC_VIBRATOR is redefined by fragment /home/nolan-archie/a165f_kernel/kernel-5.10/arch/arm64/configs/../../../../kernel/../out/target/product/a16/obj/KERNEL_OBJ/a16_00_custom.config:
Previous value: # CONFIG_SEC_VIBRATOR is not set
New value: CONFIG_SEC_VIBRATOR=m

Value of CONFIG_SEC_VIB_NOTIFIER is redefined by fragment /home/nolan-archie/a165f_kernel/kernel-5.10/arch/arm64/configs/../../../../kernel/../out/target/product/a16/obj/KERNEL_OBJ/a16_00_custom.config:
Previous value: # CONFIG_SEC_VIB_NOTIFIER is not set
New value: CONFIG_SEC_VIB_NOTIFIER=y

Value of CONFIG_SHUB is redefined by fragment /home/nolan-archie/a165f_kernel/kernel-5.10/arch/arm64/configs/../../../../kernel/../out/target/product/a16/obj/KERNEL_OBJ/a16_00_custom.config:
Previous value: CONFIG_SHUB=y
New value: CONFIG_SHUB=m

Value of CONFIG_SEC_NFC_LOGGER is redefined by fragment /home/nolan-archie/a165f_kernel/kernel-5.10/arch/arm64/configs/../../../../kernel/../out/target/product/a16/obj/KERNEL_OBJ/a16_00_custom.config:
Previous value: # CONFIG_SEC_NFC_LOGGER is not set
New value: CONFIG_SEC_NFC_LOGGER=y

Value of CONFIG_SECURITY_DSMS is redefined by fragment /home/nolan-archie/a165f_kernel/kernel-5.10/arch/arm64/configs/../../../../kernel/../out/target/product/a16/obj/KERNEL_OBJ/a16_00_custom.config:
Previous value: # CONFIG_SECURITY_DSMS is not set
New value: CONFIG_SECURITY_DSMS=y

Value of CONFIG_DEV_RIL_BRIDGE is redefined by fragment /home/nolan-archie/a165f_kernel/kernel-5.10/arch/arm64/configs/../../../../kernel/../out/target/product/a16/obj/KERNEL_OBJ/a16_00_custom.config:
Previous value: # CONFIG_DEV_RIL_BRIDGE is not set
New value: CONFIG_DEV_RIL_BRIDGE=m

Value of CONFIG_SUPPORT_DROPDUMP is redefined by fragment /home/nolan-archie/a165f_kernel/kernel-5.10/arch/arm64/configs/../../../../kernel/../out/target/product/a16/obj/KERNEL_OBJ/a16_00_custom.config:
Previous value: # CONFIG_SUPPORT_DROPDUMP is not set
New value: CONFIG_SUPPORT_DROPDUMP=m

Value of CONFIG_VIBRATOR_VIB_INFO is redefined by fragment /home/nolan-archie/a165f_kernel/kernel-5.10/arch/arm64/configs/../../../../kernel/../out/target/product/a16/obj/KERNEL_OBJ/a16_00_custom.config:
Previous value: # CONFIG_VIBRATOR_VIB_INFO is not set
New value: CONFIG_VIBRATOR_VIB_INFO=m

Value of CONFIG_SEC_STI is redefined by fragment /home/nolan-archie/a165f_kernel/kernel-5.10/arch/arm64/configs/../../../../kernel/../out/target/product/a16/obj/KERNEL_OBJ/a16_00_custom.config:
Previous value: # CONFIG_SEC_STI is not set
New value: CONFIG_SEC_STI=y

Value of CONFIG_SEC_INPUT_BOOSTER is redefined by fragment /home/nolan-archie/a165f_kernel/kernel-5.10/arch/arm64/configs/../../../../kernel/../out/target/product/a16/obj/KERNEL_OBJ/a16_00_custom.config:
Previous value: # CONFIG_SEC_INPUT_BOOSTER is not set
New value: CONFIG_SEC_INPUT_BOOSTER=m

Value of CONFIG_SB_CORE is redefined by fragment /home/nolan-archie/a165f_kernel/kernel-5.10/arch/arm64/configs/../../../../kernel/../out/target/product/a16/obj/KERNEL_OBJ/a16_00_custom.config:
Previous value: # CONFIG_SB_CORE is not set
New value: CONFIG_SB_CORE=m

Value of CONFIG_SB_PQUEUE is redefined by fragment /home/nolan-archie/a165f_kernel/kernel-5.10/arch/arm64/configs/../../../../kernel/../out/target/product/a16/obj/KERNEL_OBJ/a16_00_custom.config:
Previous value: # CONFIG_SB_PQUEUE is not set
New value: CONFIG_SB_PQUEUE=y

Value of CONFIG_SB_NOTIFY is redefined by fragment /home/nolan-archie/a165f_kernel/kernel-5.10/arch/arm64/configs/../../../../kernel/../out/target/product/a16/obj/KERNEL_OBJ/a16_00_custom.config:
Previous value: # CONFIG_SB_NOTIFY is not set
New value: CONFIG_SB_NOTIFY=y

Value of CONFIG_SB_SYSFS is redefined by fragment /home/nolan-archie/a165f_kernel/kernel-5.10/arch/arm64/configs/../../../../kernel/../out/target/product/a16/obj/KERNEL_OBJ/a16_00_custom.config:
Previous value: # CONFIG_SB_SYSFS is not set
New value: CONFIG_SB_SYSFS=y

Value of CONFIG_USB_HMT_SAMSUNG_INPUT is redefined by fragment /home/nolan-archie/a165f_kernel/kernel-5.10/arch/arm64/configs/../../../../kernel/../out/target/product/a16/obj/KERNEL_OBJ/a16_00_custom.config:
Previous value: # CONFIG_USB_HMT_SAMSUNG_INPUT is not set
New value: CONFIG_USB_HMT_SAMSUNG_INPUT=y

Value of CONFIG_USB_USING_ADVANCED_USBLOG is redefined by fragment /home/nolan-archie/a165f_kernel/kernel-5.10/arch/arm64/configs/../../../../kernel/../out/target/product/a16/obj/KERNEL_OBJ/a16_00_custom.config:
Previous value: # CONFIG_USB_USING_ADVANCED_USBLOG is not set
New value: CONFIG_USB_USING_ADVANCED_USBLOG=y

Value of CONFIG_SENSORS_FINGERPRINT is redefined by fragment /home/nolan-archie/a165f_kernel/kernel-5.10/arch/arm64/configs/../../../../kernel/../out/target/product/a16/obj/KERNEL_OBJ/a16_00_custom.config:
Previous value: # CONFIG_SENSORS_FINGERPRINT is not set
New value: CONFIG_SENSORS_FINGERPRINT=m

Value of CONFIG_CHARGER_SM5714 is redefined by fragment /home/nolan-archie/a165f_kernel/kernel-5.10/arch/arm64/configs/../../../../kernel/../out/target/product/a16/obj/KERNEL_OBJ/a16_00_custom.config:
Previous value: # CONFIG_CHARGER_SM5714 is not set
New value: CONFIG_CHARGER_SM5714=m

Value of CONFIG_PDIC_NOTIFIER is redefined by fragment /home/nolan-archie/a165f_kernel/kernel-5.10/arch/arm64/configs/../../../../kernel/../out/target/product/a16/obj/KERNEL_OBJ/a16_00_custom.config:
Previous value: # CONFIG_PDIC_NOTIFIER is not set
New value: CONFIG_PDIC_NOTIFIER=m

Value of CONFIG_DRM_PANEL_MCD_COMMON is redefined by fragment /home/nolan-archie/a165f_kernel/kernel-5.10/arch/arm64/configs/../../../../kernel/../out/target/product/a16/obj/KERNEL_OBJ/a16_00_custom.config:
Previous value: # CONFIG_DRM_PANEL_MCD_COMMON is not set
New value: CONFIG_DRM_PANEL_MCD_COMMON=m

Value of CONFIG_SHUB_MODULE is redefined by fragment /home/nolan-archie/a165f_kernel/kernel-5.10/arch/arm64/configs/../../../../kernel/../out/target/product/a16/obj/KERNEL_OBJ/a16_00_custom.config:
Previous value: # CONFIG_SHUB_MODULE is not set
New value: CONFIG_SHUB_MODULE=y

Value of CONFIG_SHUB_AP_STATUS_CMD is redefined by fragment /home/nolan-archie/a165f_kernel/kernel-5.10/arch/arm64/configs/../../../../kernel/../out/target/product/a16/obj/KERNEL_OBJ/a16_00_custom.config:
Previous value: # CONFIG_SHUB_AP_STATUS_CMD is not set
New value: CONFIG_SHUB_AP_STATUS_CMD=y

Value of CONFIG_FUELGAUGE_SM5714 is redefined by fragment /home/nolan-archie/a165f_kernel/kernel-5.10/arch/arm64/configs/../../../../kernel/../out/target/product/a16/obj/KERNEL_OBJ/a16_00_custom.config:
Previous value: # CONFIG_FUELGAUGE_SM5714 is not set
New value: CONFIG_FUELGAUGE_SM5714=m

Value of CONFIG_UI_SOC_PROLONGING is redefined by fragment /home/nolan-archie/a165f_kernel/kernel-5.10/arch/arm64/configs/../../../../kernel/../out/target/product/a16/obj/KERNEL_OBJ/a16_00_custom.config:
Previous value: # CONFIG_UI_SOC_PROLONGING is not set
New value: CONFIG_UI_SOC_PROLONGING=y

Value of CONFIG_REGULATOR_S2MPB03 is redefined by fragment /home/nolan-archie/a165f_kernel/kernel-5.10/arch/arm64/configs/../../../../kernel/../out/target/product/a16/obj/KERNEL_OBJ/a16_00_custom.config:
Previous value: # CONFIG_REGULATOR_S2MPB03 is not set
New value: CONFIG_REGULATOR_S2MPB03=m

Value of CONFIG_I2C_GPIO is redefined by fragment /home/nolan-archie/a165f_kernel/kernel-5.10/arch/arm64/configs/../../../../kernel/../out/target/product/a16/obj/KERNEL_OBJ/a16_00_custom.config:
Previous value: # CONFIG_I2C_GPIO is not set
New value: CONFIG_I2C_GPIO=m

Value of CONFIG_BATTERY_AUTH_DS28E30 is redefined by fragment /home/nolan-archie/a165f_kernel/kernel-5.10/arch/arm64/configs/../../../../kernel/../out/target/product/a16/obj/KERNEL_OBJ/a16_00_custom.config:
Previous value: # CONFIG_BATTERY_AUTH_DS28E30 is not set
New value: CONFIG_BATTERY_AUTH_DS28E30=m

Value of CONFIG_MFD_SM5714 is redefined by fragment /home/nolan-archie/a165f_kernel/kernel-5.10/arch/arm64/configs/../../../../kernel/../out/target/product/a16/obj/KERNEL_OBJ/a16_00_custom.config:
Previous value: # CONFIG_MFD_SM5714 is not set
New value: CONFIG_MFD_SM5714=m

Value of CONFIG_MST_LDO is redefined by fragment /home/nolan-archie/a165f_kernel/kernel-5.10/arch/arm64/configs/../../../../kernel/../out/target/product/a16/obj/KERNEL_OBJ/a16_00_custom.config:
Previous value: # CONFIG_MST_LDO is not set
New value: CONFIG_MST_LDO=m

Value of CONFIG_MST_ARCH_MTK is redefined by fragment /home/nolan-archie/a165f_kernel/kernel-5.10/arch/arm64/configs/../../../../kernel/../out/target/product/a16/obj/KERNEL_OBJ/a16_00_custom.config:
Previous value: # CONFIG_MST_ARCH_MTK is not set
New value: CONFIG_MST_ARCH_MTK=y

Value of CONFIG_MST_TEEGRIS is redefined by fragment /home/nolan-archie/a165f_kernel/kernel-5.10/arch/arm64/configs/../../../../kernel/../out/target/product/a16/obj/KERNEL_OBJ/a16_00_custom.config:
Previous value: # CONFIG_MST_TEEGRIS is not set
New value: CONFIG_MST_TEEGRIS=y

Value of CONFIG_MST_DUMMY_DRV is redefined by fragment /home/nolan-archie/a165f_kernel/kernel-5.10/arch/arm64/configs/../../../../kernel/../out/target/product/a16/obj/KERNEL_OBJ/a16_00_custom.config:
Previous value: # CONFIG_MST_DUMMY_DRV is not set
New value: CONFIG_MST_DUMMY_DRV=y

Value of CONFIG_BATTERY_AUTH_SLE956681 is redefined by fragment /home/nolan-archie/a165f_kernel/kernel-5.10/arch/arm64/configs/../../../../kernel/../out/target/product/a16/obj/KERNEL_OBJ/a16_00_custom.config:
Previous value: # CONFIG_BATTERY_AUTH_SLE956681 is not set
New value: CONFIG_BATTERY_AUTH_SLE956681=m

Value of CONFIG_SENSORS_EC6XX is redefined by fragment /home/nolan-archie/a165f_kernel/kernel-5.10/arch/arm64/configs/../../../../kernel/../out/target/product/a16/obj/KERNEL_OBJ/a16_00_custom.config:
Previous value: # CONFIG_SENSORS_EC6XX is not set
New value: CONFIG_SENSORS_EC6XX=m

Value of CONFIG_SENSORS_FINGERPRINT_MODULE is redefined by fragment /home/nolan-archie/a165f_kernel/kernel-5.10/arch/arm64/configs/../../../../kernel/../out/target/product/a16/obj/KERNEL_OBJ/a16_00_custom.config:
Previous value: # CONFIG_SENSORS_FINGERPRINT_MODULE is not set
New value: CONFIG_SENSORS_FINGERPRINT_MODULE=y

Value of CONFIG_FINGERPRINT_SECURE is redefined by fragment /home/nolan-archie/a165f_kernel/kernel-5.10/arch/arm64/configs/../../../../kernel/../out/target/product/a16/obj/KERNEL_OBJ/a16_00_custom.config:
Previous value: # CONFIG_FINGERPRINT_SECURE is not set
New value: CONFIG_FINGERPRINT_SECURE=y

Value of CONFIG_SENSORS_FINGERPRINT_MTK is redefined by fragment /home/nolan-archie/a165f_kernel/kernel-5.10/arch/arm64/configs/../../../../kernel/../out/target/product/a16/obj/KERNEL_OBJ/a16_00_custom.config:
Previous value: # CONFIG_SENSORS_FINGERPRINT_MTK is not set
New value: CONFIG_SENSORS_FINGERPRINT_MTK=y

Value of CONFIG_DIRECT_CHARGING is redefined by fragment /home/nolan-archie/a165f_kernel/kernel-5.10/arch/arm64/configs/../../../../kernel/../out/target/product/a16/obj/KERNEL_OBJ/a16_00_custom.config:
Previous value: # CONFIG_DIRECT_CHARGING is not set
New value: CONFIG_DIRECT_CHARGING=m

Value of CONFIG_STAR_K250A_LEGO is redefined by fragment /home/nolan-archie/a165f_kernel/kernel-5.10/arch/arm64/configs/../../../../kernel/../out/target/product/a16/obj/KERNEL_OBJ/a16_00_custom.config:
Previous value: # CONFIG_STAR_K250A_LEGO is not set
New value: CONFIG_STAR_K250A_LEGO=m

Value of CONFIG_SEC_SNVM_PLATFORM_DRV is redefined by fragment /home/nolan-archie/a165f_kernel/kernel-5.10/arch/arm64/configs/../../../../kernel/../out/target/product/a16/obj/KERNEL_OBJ/a16_00_custom.config:
Previous value: # CONFIG_SEC_SNVM_PLATFORM_DRV is not set
New value: CONFIG_SEC_SNVM_PLATFORM_DRV=y

Value of CONFIG_SEC_SNVM_I2C_CLOCK_CONTROL is redefined by fragment /home/nolan-archie/a165f_kernel/kernel-5.10/arch/arm64/configs/../../../../kernel/../out/target/product/a16/obj/KERNEL_OBJ/a16_00_custom.config:
Previous value: # CONFIG_SEC_SNVM_I2C_CLOCK_CONTROL is not set
New value: CONFIG_SEC_SNVM_I2C_CLOCK_CONTROL=y

Value of CONFIG_SEC_SNVM_WAKELOCK_METHOD is redefined by fragment /home/nolan-archie/a165f_kernel/kernel-5.10/arch/arm64/configs/../../../../kernel/../out/target/product/a16/obj/KERNEL_OBJ/a16_00_custom.config:
Previous value: CONFIG_SEC_SNVM_WAKELOCK_METHOD=0
New value: CONFIG_SEC_SNVM_WAKELOCK_METHOD=2

Value of CONFIG_DC_VIBRATOR is redefined by fragment /home/nolan-archie/a165f_kernel/kernel-5.10/arch/arm64/configs/../../../../kernel/../out/target/product/a16/obj/KERNEL_OBJ/a16_00_custom.config:
Previous value: # CONFIG_DC_VIBRATOR is not set
New value: CONFIG_DC_VIBRATOR=m

Value of CONFIG_SENSORS_SX9385 is redefined by fragment /home/nolan-archie/a165f_kernel/kernel-5.10/arch/arm64/configs/../../../../kernel/../out/target/product/a16/obj/KERNEL_OBJ/a16_00_custom.config:
Previous value: # CONFIG_SENSORS_SX9385 is not set
New value: CONFIG_SENSORS_SX9385=m

Value of CONFIG_SENSORS_GRIP_FAILURE_DEBUG is redefined by fragment /home/nolan-archie/a165f_kernel/kernel-5.10/arch/arm64/configs/../../../../kernel/../out/target/product/a16/obj/KERNEL_OBJ/a16_00_custom.config:
Previous value: # CONFIG_SENSORS_GRIP_FAILURE_DEBUG is not set
New value: CONFIG_SENSORS_GRIP_FAILURE_DEBUG=y

Value of CONFIG_SENSORS_IRQ_PROCESSING_DELAY is redefined by fragment /home/nolan-archie/a165f_kernel/kernel-5.10/arch/arm64/configs/../../../../kernel/../out/target/product/a16/obj/KERNEL_OBJ/a16_00_custom.config:
Previous value: # CONFIG_SENSORS_IRQ_PROCESSING_DELAY is not set
New value: CONFIG_SENSORS_IRQ_PROCESSING_DELAY=y

Value of CONFIG_MULTI_CHANNEL is redefined by fragment /home/nolan-archie/a165f_kernel/kernel-5.10/arch/arm64/configs/../../../../kernel/../out/target/product/a16/obj/KERNEL_OBJ/a16_00_custom.config:
Previous value: # CONFIG_MULTI_CHANNEL is not set
New value: CONFIG_MULTI_CHANNEL=y

Value of CONFIG_TOUCHSCREEN_FTS_FT3519 is redefined by fragment /home/nolan-archie/a165f_kernel/kernel-5.10/arch/arm64/configs/../../../../kernel/../out/target/product/a16/obj/KERNEL_OBJ/a16_00_custom.config:
Previous value: # CONFIG_TOUCHSCREEN_FTS_FT3519 is not set
New value: CONFIG_TOUCHSCREEN_FTS_FT3519=m

Value of CONFIG_PDIC_SM5714 is redefined by fragment /home/nolan-archie/a165f_kernel/kernel-5.10/arch/arm64/configs/../../../../kernel/../out/target/product/a16/obj/KERNEL_OBJ/a16_00_custom.config:
Previous value: # CONFIG_PDIC_SM5714 is not set
New value: CONFIG_PDIC_SM5714=m

Value of CONFIG_SAMSUNG_NFC is redefined by fragment /home/nolan-archie/a165f_kernel/kernel-5.10/arch/arm64/configs/../../../../kernel/../out/target/product/a16/obj/KERNEL_OBJ/a16_00_custom.config:
Previous value: # CONFIG_SAMSUNG_NFC is not set
New value: CONFIG_SAMSUNG_NFC=m

Value of CONFIG_SEC_MX_NFC is redefined by fragment /home/nolan-archie/a165f_kernel/kernel-5.10/arch/arm64/configs/../../../../kernel/../out/target/product/a16/obj/KERNEL_OBJ/a16_00_custom.config:
Previous value: # CONFIG_SEC_MX_NFC is not set
New value: CONFIG_SEC_MX_NFC=y

Value of CONFIG_MTK_CLKBUF_NFC is redefined by fragment /home/nolan-archie/a165f_kernel/kernel-5.10/arch/arm64/configs/../../../../kernel/../out/target/product/a16/obj/KERNEL_OBJ/a16_00_custom.config:
Previous value: # CONFIG_MTK_CLKBUF_NFC is not set
New value: CONFIG_MTK_CLKBUF_NFC=y

Value of CONFIG_SEC_NFC_WAKELOCK_METHOD is redefined by fragment /home/nolan-archie/a165f_kernel/kernel-5.10/arch/arm64/configs/../../../../kernel/../out/target/product/a16/obj/KERNEL_OBJ/a16_00_custom.config:
Previous value: CONFIG_SEC_NFC_WAKELOCK_METHOD=0
New value: CONFIG_SEC_NFC_WAKELOCK_METHOD=2

Value of CONFIG_BATTERY_SAMSUNG is redefined by fragment /home/nolan-archie/a165f_kernel/kernel-5.10/arch/arm64/configs/../../../../kernel/../out/target/product/a16/obj/KERNEL_OBJ/a16_00_custom.config:
Previous value: # CONFIG_BATTERY_SAMSUNG is not set
New value: CONFIG_BATTERY_SAMSUNG=m

Value of CONFIG_SEC_PD is redefined by fragment /home/nolan-archie/a165f_kernel/kernel-5.10/arch/arm64/configs/../../../../kernel/../out/target/product/a16/obj/KERNEL_OBJ/a16_00_custom.config:
Previous value: # CONFIG_SEC_PD is not set
New value: CONFIG_SEC_PD=m

Value of CONFIG_BATTERY_GKI is redefined by fragment /home/nolan-archie/a165f_kernel/kernel-5.10/arch/arm64/configs/../../../../kernel/../out/target/product/a16/obj/KERNEL_OBJ/a16_00_custom.config:
Previous value: # CONFIG_BATTERY_GKI is not set
New value: CONFIG_BATTERY_GKI=y

Value of CONFIG_BATTERY_AGE_FORECAST is redefined by fragment /home/nolan-archie/a165f_kernel/kernel-5.10/arch/arm64/configs/../../../../kernel/../out/target/product/a16/obj/KERNEL_OBJ/a16_00_custom.config:
Previous value: # CONFIG_BATTERY_AGE_FORECAST is not set
New value: CONFIG_BATTERY_AGE_FORECAST=y

Value of CONFIG_BATTERY_CISD is redefined by fragment /home/nolan-archie/a165f_kernel/kernel-5.10/arch/arm64/configs/../../../../kernel/../out/target/product/a16/obj/KERNEL_OBJ/a16_00_custom.config:
Previous value: # CONFIG_BATTERY_CISD is not set
New value: CONFIG_BATTERY_CISD=y

Value of CONFIG_AFC_CHARGER_MODE is redefined by fragment /home/nolan-archie/a165f_kernel/kernel-5.10/arch/arm64/configs/../../../../kernel/../out/target/product/a16/obj/KERNEL_OBJ/a16_00_custom.config:
Previous value: # CONFIG_AFC_CHARGER_MODE is not set
New value: CONFIG_AFC_CHARGER_MODE=y

Value of CONFIG_BATTERY_AUTH_EUR_DET_GPIO_SUPPORT is redefined by fragment /home/nolan-archie/a165f_kernel/kernel-5.10/arch/arm64/configs/../../../../kernel/../out/target/product/a16/obj/KERNEL_OBJ/a16_00_custom.config:
Previous value: # CONFIG_BATTERY_AUTH_EUR_DET_GPIO_SUPPORT is not set
New value: CONFIG_BATTERY_AUTH_EUR_DET_GPIO_SUPPORT=y

Value of CONFIG_ENABLE_FULL_BY_SOC is redefined by fragment /home/nolan-archie/a165f_kernel/kernel-5.10/arch/arm64/configs/../../../../kernel/../out/target/product/a16/obj/KERNEL_OBJ/a16_00_custom.config:
Previous value: # CONFIG_ENABLE_FULL_BY_SOC is not set
New value: CONFIG_ENABLE_FULL_BY_SOC=y

Value of CONFIG_STEP_CHARGING is redefined by fragment /home/nolan-archie/a165f_kernel/kernel-5.10/arch/arm64/configs/../../../../kernel/../out/target/product/a16/obj/KERNEL_OBJ/a16_00_custom.config:
Previous value: # CONFIG_STEP_CHARGING is not set
New value: CONFIG_STEP_CHARGING=y

Value of CONFIG_SUPPORT_HV_CTRL is redefined by fragment /home/nolan-archie/a165f_kernel/kernel-5.10/arch/arm64/configs/../../../../kernel/../out/target/product/a16/obj/KERNEL_OBJ/a16_00_custom.config:
Previous value: # CONFIG_SUPPORT_HV_CTRL is not set
New value: CONFIG_SUPPORT_HV_CTRL=y

Value of CONFIG_IMGSENSOR_CUSTOM_CAMERA is redefined by fragment /home/nolan-archie/a165f_kernel/kernel-5.10/arch/arm64/configs/../../../../kernel/../out/target/product/a16/obj/KERNEL_OBJ/a16_00_custom.config:
Previous value: # CONFIG_IMGSENSOR_CUSTOM_CAMERA is not set
New value: CONFIG_IMGSENSOR_CUSTOM_CAMERA=y

Value of CONFIG_CUSTOM_KERNEL_IMGSENSOR is redefined by fragment /home/nolan-archie/a165f_kernel/kernel-5.10/arch/arm64/configs/../../../../kernel/../out/target/product/a16/obj/KERNEL_OBJ/a16_00_custom.config:
Previous value: CONFIG_CUSTOM_KERNEL_IMGSENSOR=""
New value: CONFIG_CUSTOM_KERNEL_IMGSENSOR="s5kjn1_mipi_raw gc13a0_mipi_raw sc501cs_mipi_raw gc02m1_mipi_raw"

Value of CONFIG_IMGSENSOR_SYSFS is redefined by fragment /home/nolan-archie/a165f_kernel/kernel-5.10/arch/arm64/configs/../../../../kernel/../out/target/product/a16/obj/KERNEL_OBJ/a16_00_custom.config:
Previous value: # CONFIG_IMGSENSOR_SYSFS is not set
New value: CONFIG_IMGSENSOR_SYSFS=y

Value of CONFIG_SND_SMARTPA_AW882XX is redefined by fragment /home/nolan-archie/a165f_kernel/kernel-5.10/arch/arm64/configs/../../../../kernel/../out/target/product/a16/obj/KERNEL_OBJ/a16_00_custom.config:
Previous value: # CONFIG_SND_SMARTPA_AW882XX is not set
New value: CONFIG_SND_SMARTPA_AW882XX=m

Value of CONFIG_SND_SOC_SAMSUNG_AUDIO is redefined by fragment /home/nolan-archie/a165f_kernel/kernel-5.10/arch/arm64/configs/../../../../kernel/../out/target/product/a16/obj/KERNEL_OBJ/a16_00_custom.config:
Previous value: # CONFIG_SND_SOC_SAMSUNG_AUDIO is not set
New value: CONFIG_SND_SOC_SAMSUNG_AUDIO=m

Value of CONFIG_USDM_PANEL is redefined by fragment /home/nolan-archie/a165f_kernel/kernel-5.10/arch/arm64/configs/../../../../kernel/../out/target/product/a16/obj/KERNEL_OBJ/a16_00_custom.config:
Previous value: # CONFIG_USDM_PANEL is not set
New value: CONFIG_USDM_PANEL=m

Value of CONFIG_DM_ANDROID_VERITY_AT_MOST_ONCE_DEFAULT_ENABLED is redefined by fragment /home/nolan-archie/a165f_kernel/kernel-5.10/arch/arm64/configs/../../../../kernel/../out/target/product/a16/obj/KERNEL_OBJ/a16_00_custom.config:
Previous value: CONFIG_DM_ANDROID_VERITY_AT_MOST_ONCE_DEFAULT_ENABLED=y
New value: # CONFIG_DM_ANDROID_VERITY_AT_MOST_ONCE_DEFAULT_ENABLED is not set

Value of CONFIG_SAMSUNG_PRODUCT_SHIP is redefined by fragment /home/nolan-archie/a165f_kernel/kernel-5.10/arch/arm64/configs/../../../../kernel/../out/target/product/a16/obj/KERNEL_OBJ/a16_00_custom.config:
Previous value: # CONFIG_SAMSUNG_PRODUCT_SHIP is not set
New value: CONFIG_SAMSUNG_PRODUCT_SHIP=y

Value of CONFIG_FIVE is redefined by fragment /home/nolan-archie/a165f_kernel/kernel-5.10/arch/arm64/configs/../../../../kernel/../out/target/product/a16/obj/KERNEL_OBJ/a16_00_custom.config:
Previous value: # CONFIG_FIVE is not set
New value: CONFIG_FIVE=y CONFIG_FIVE=n

Value of CONFIG_GAF is redefined by fragment /home/nolan-archie/a165f_kernel/kernel-5.10/arch/arm64/configs/../../../../kernel/../out/target/product/a16/obj/KERNEL_OBJ/a16_00_custom.config:
Previous value: # CONFIG_GAF is not set
New value: CONFIG_GAF=y

Value of CONFIG_NTFS_FS is redefined by fragment /home/nolan-archie/a165f_kernel/kernel-5.10/arch/arm64/configs/../../../../kernel/../out/target/product/a16/obj/KERNEL_OBJ/a16_00_custom.config:
Previous value: # CONFIG_NTFS_FS is not set
New value: CONFIG_NTFS_FS=y

Value of CONFIG_KSU_DEBUG is redefined by fragment /home/nolan-archie/a165f_kernel/kernel-5.10/arch/arm64/configs/../../../../kernel/../out/target/product/a16/obj/KERNEL_OBJ/a16_00_custom.config:
Previous value: # CONFIG_KSU_DEBUG is not set
New value: CONFIG_KSU_DEBUG=n

Value of CONFIG_KPM is redefined by fragment /home/nolan-archie/a165f_kernel/kernel-5.10/arch/arm64/configs/../../../../kernel/../out/target/product/a16/obj/KERNEL_OBJ/a16_00_custom.config:
Previous value: # CONFIG_KPM is not set
New value: CONFIG_KPM=y

Value of CONFIG_LOCALVERSION_AUTO is redefined by fragment /home/nolan-archie/a165f_kernel/kernel-5.10/arch/arm64/configs/../../../../kernel/../out/target/product/a16/obj/KERNEL_OBJ/a16_00_custom.config:
Previous value: CONFIG_LOCALVERSION_AUTO=y
New value: CONFIG_LOCALVERSION_AUTO=n

Value of CONFIG_LOCALVERSION is redefined by fragment /home/nolan-archie/a165f_kernel/kernel-5.10/arch/arm64/configs/../../../../kernel/../out/target/product/a16/obj/KERNEL_OBJ/a16_00_custom.config:
Previous value: CONFIG_LOCALVERSION=""
New value: CONFIG_LOCALVERSION="-nolanarchie-dev"

#
# merged configuration written to .config (needs make)
#
  GEN     Makefile
drivers/misc/tui/Kconfig:3:warning: prompt redefined
drivers/misc/tui/Kconfig:1:warning: ignoring type redefinition of 'SAMSUNG_TUI' from 'tristate' to 'bool'
drivers/gpu/drm/mediatek/Kconfig:32:warning: no new line at end of file
.config:7683:warning: override: reassigning to symbol MTK_LPM_MT6893
.config:7722:warning: override: reassigning to symbol MTK_NEWIDLE_BALANCE
.config:7843:warning: override: reassigning to symbol ANDROID_SWITCH
.config:7856:warning: override: reassigning to symbol ZRAM
.config:7866:warning: override: reassigning to symbol USB_NOTIFY_LAYER
.config:7867:warning: override: reassigning to symbol USB_DEBUG_DETAILED_LOG
.config:7868:warning: override: reassigning to symbol USB_EXTERNAL_NOTIFY
.config:7870:warning: override: reassigning to symbol USB_HOST_NOTIFY
.config:7871:warning: override: reassigning to symbol USB_HOST_SAMSUNG_FEATURE
.config:7872:warning: override: reassigning to symbol USB_HW_PARAM
.config:7873:warning: override: reassigning to symbol USB_INTERFACE_LPM_LIST
.config:7874:warning: override: reassigning to symbol USB_NOTIFY_PROC_LOG
.config:7889:warning: override: reassigning to symbol USB_NOTIFIER
.config:8081:warning: override: reassigning to symbol UH
.config:8082:warning: override: reassigning to symbol SECURITY_DEFEX
.config:8083:warning: override: reassigning to symbol PROCA
.config:8084:warning: override: reassigning to symbol FIVE

WARNING: unmet direct dependencies detected for SND_SOC_MT6366
  Depends on [n]: SOUND [=y] && !UML && SND [=y] && SND_SOC [=y] && MFD_MT6366
  Selected by [m]:
  - SND_SOC_MT6789_MT6366 [=m] && SOUND [=y] && !UML && SND [=y] && SND_SOC [=y] && SND_SOC_MT6789 [=m]
#
# configuration written to .config
#
make[1]: Leaving directory '/home/nolan-archie/a165f_kernel/out/target/product/a16/obj/KERNEL_OBJ/kernel-5.10'
+ set +x
========================================================
 Modifying LTO mode to 'thin'
+ '[' thin = none ']'
+ '[' thin = thin ']'
+ kernel-5.10/scripts/config --file /home/nolan-archie/a165f_kernel/out/target/product/a16/obj/KERNEL_OBJ/kernel-5.10/.config -e LTO_CLANG -d LTO_NONE -e LTO_CLANG_THIN -d LTO_CLANG_FULL -e THINLTO
+ cd /home/nolan-archie/a165f_kernel/out/target/product/a16/obj/KERNEL_OBJ/kernel-5.10
+ make LLVM=1 LLVM_IAS=1 DEPMOD=depmod DTC=dtc O=/home/nolan-archie/a165f_kernel/out/target/product/a16/obj/KERNEL_OBJ/kernel-5.10 olddefconfig
  GEN     Makefile
drivers/misc/tui/Kconfig:3:warning: prompt redefined
drivers/misc/tui/Kconfig:1:warning: ignoring type redefinition of 'SAMSUNG_TUI' from 'tristate' to 'bool'
drivers/gpu/drm/mediatek/Kconfig:32:warning: no new line at end of file

WARNING: unmet direct dependencies detected for SND_SOC_MT6366
  Depends on [n]: SOUND [=y] && !UML && SND [=y] && SND_SOC [=y] && MFD_MT6366
  Selected by [m]:
  - SND_SOC_MT6789_MT6366 [=m] && SOUND [=y] && !UML && SND [=y] && SND_SOC [=y] && SND_SOC_MT6789 [=m]
#
# configuration written to .config
#
+ set +x
========================================================
 Copying abi definition to /home/nolan-archie/a165f_kernel/out/target/product/a16/obj/KERNEL_OBJ/abi.xml
~/a165f_kernel/kernel/kernel-5.10 ~/a165f_kernel/kernel
~/a165f_kernel/kernel
========================================================
 Refreshing abi symbol list definition in /home/nolan-archie/a165f_kernel/out/target/product/a16/obj/KERNEL_OBJ/abi_symbollist
~/a165f_kernel/kernel/kernel-5.10 ~/a165f_kernel/kernel
  GEN     Makefile
drivers/misc/tui/Kconfig:3:warning: prompt redefined
drivers/misc/tui/Kconfig:1:warning: ignoring type redefinition of 'SAMSUNG_TUI' from 'tristate' to 'bool'
drivers/gpu/drm/mediatek/Kconfig:32:warning: no new line at end of file

WARNING: unmet direct dependencies detected for SND_SOC_MT6366
  Depends on [n]: SOUND [=y] && !UML && SND [=y] && SND_SOC [=y] && MFD_MT6366
  Selected by [m]:
  - SND_SOC_MT6789_MT6366 [=m] && SOUND [=y] && !UML && SND [=y] && SND_SOC [=y] && SND_SOC_MT6789 [=m]

WARNING: unmet direct dependencies detected for SND_SOC_MT6366
  Depends on [n]: SOUND [=y] && !UML && SND [=y] && SND_SOC [=y] && MFD_MT6366
  Selected by [m]:
  - SND_SOC_MT6789_MT6366 [=m] && SOUND [=y] && !UML && SND [=y] && SND_SOC [=y] && SND_SOC_MT6789 [=m]
#
# configuration written to .config
#
~/a165f_kernel/kernel
========================================================
 Building kernel
+ cd /home/nolan-archie/a165f_kernel/out/target/product/a16/obj/KERNEL_OBJ/kernel-5.10
+ make O=/home/nolan-archie/a165f_kernel/out/target/product/a16/obj/KERNEL_OBJ/kernel-5.10 LLVM=1 LLVM_IAS=1 DEPMOD=depmod DTC=dtc all
  SYNC    include/config/auto.conf.cmd
  GEN     Makefile
drivers/misc/tui/Kconfig:3:warning: prompt redefined
drivers/misc/tui/Kconfig:1:warning: ignoring type redefinition of 'SAMSUNG_TUI' from 'tristate' to 'bool'
drivers/gpu/drm/mediatek/Kconfig:32:warning: no new line at end of file

WARNING: unmet direct dependencies detected for SND_SOC_MT6366
  Depends on [n]: SOUND [=y] && !UML && SND [=y] && SND_SOC [=y] && MFD_MT6366
  Selected by [m]:
  - SND_SOC_MT6789_MT6366 [=m] && SOUND [=y] && !UML && SND [=y] && SND_SOC [=y] && SND_SOC_MT6789 [=m]

WARNING: unmet direct dependencies detected for SND_SOC_MT6366
  Depends on [n]: SOUND [=y] && !UML && SND [=y] && SND_SOC [=y] && MFD_MT6366
  Selected by [m]:
  - SND_SOC_MT6789_MT6366 [=m] && SOUND [=y] && !UML && SND [=y] && SND_SOC [=y] && SND_SOC_MT6789 [=m]

WARNING: unmet direct dependencies detected for SND_SOC_MT6366
  Depends on [n]: SOUND [=y] && !UML && SND [=y] && SND_SOC [=y] && MFD_MT6366
  Selected by [m]:
  - SND_SOC_MT6789_MT6366 [=m] && SOUND [=y] && !UML && SND [=y] && SND_SOC [=y] && SND_SOC_MT6789 [=m]
  GEN     Makefile
++ '[' -n android12 ']'
++ '[' -n 9 ']'
++ printf %s -android12-9-nolanarchie-dev
++ set +x
scripts/Makefile.lib:8: 'always' is deprecated. Please use 'always-y' instead
  CALL    /home/nolan-archie/a165f_kernel/kernel-5.10/scripts/atomic/check-atomics.sh
  CALL    /home/nolan-archie/a165f_kernel/kernel-5.10/scripts/checksyscalls.sh
  CHK     include/generated/compile.h
/home/nolan-archie/a165f_kernel/kernel-5.10/security/samsung/defex_lsm/Makefile:34: [DEFEX] INTEGRITY_ENABLE
/home/nolan-archie/a165f_kernel/kernel-5.10/security/samsung/defex_lsm/Makefile:65: [DEFEX] Multiple rule file MODE.
/home/nolan-archie/a165f_kernel/kernel-5.10/security/samsung/defex_lsm/Makefile:159: [DEFEX] DEBUG_DISABLE
scripts/Makefile.lib:12: 'hostprogs-y' is deprecated. Please use 'hostprogs' instead
  CHK     kernel/kheaders_data.tar.xz
*GPU BM QoS 2.0 SCMI defined
************  drivers/trusty/mtee-kree mk ************
/home/nolan-archie/a165f_kernel/kernel-5.10
/home/nolan-archie/a165f_kernel/kernel-5.10/drivers/misc/mediatek/cameraisp/dip/Makefile:14: "isp6s"
/home/nolan-archie/a165f_kernel/kernel-5.10
fdvt tina
Tina add dma: 
/home/nolan-archie/a165f_kernel/kernel-5.10
CAMERA_OIS_PROJECT_FOLDER = camera_project/aax_v16
"imgsys, subdir-ccflags-y = "
"imgsys, subdir-ccflags-y = "
start build of imgsensor_sysfs
camera project of sysfs: aax_v16
SYSFS_OBJS : ../common/sysfs/imgsensor_sysfs.o ../common/sysfs/imgsensor_vendor.o ../common/sysfs/crc32.o ../common/sysfs/imgsensor_vendor_rom_config.o ../common/sysfs/imgsensor_otp_cal.o ../common/sysfs/aax_v16/imgsensor_eeprom_front_gc13a0.o ../common/sysfs/aax_v16/imgsensor_eeprom_rear3_gc02m1.o ../common/sysfs/aax_v16/imgsensor_eeprom_rear_s5kjn1.o ../common/sysfs/aax_v16/imgsensor_otp_rear2_sc501cs.o ../common/sysfs/aax_v16/imgsensor_vendor_rom_config_aax_v16.o
build of imgsensor_sysfs completed
start build of adaptive_mipi
ADAPTIVE_MIPI_OBJS : ../common/adaptive_mipi/imgsensor_adaptive_mipi.o
build of adaptive_mipi completed
common_drv : s5kjn1_mipi_raw gc13a0_mipi_raw sc501cs_mipi_raw gc02m1_mipi_raw
path: drivers/misc/mediatek/imgsensor/src/isp6s/../common/v1_1/s5kjn1_mipi_raw/Makefile
used driver: s5kjn1
path: drivers/misc/mediatek/imgsensor/src/isp6s/../common/v1_1/gc13a0_mipi_raw/Makefile
used driver: gc13a0
path: drivers/misc/mediatek/imgsensor/src/isp6s/../common/v1_1/sc501cs_mipi_raw/Makefile
used driver: sc501cs
path: drivers/misc/mediatek/imgsensor/src/isp6s/../common/v1_1/gc02m1_mipi_raw/Makefile
used driver: gc02m1
path: drivers/misc/mediatek/imgsensor/src/isp6s/camera_hw/Makefile
path: drivers/misc/mediatek/imgsensor/src/isp6s/camera_project/aax_v16/camera_hw/Makefile
path: drivers/misc/mediatek/imgsensor/src/isp6s/seninf/Makefile
imgsensor_isp6s-objs : ../common/v1_1/imgsensor.o ../common/v1_1/imgsensor_hw.o ../common/v1_1/imgsensor_i2c.o ../common/v1_1/imgsensor_legacy.o ../common/v1_1/imgsensor_common_interface.o ../common/v1_1/imgsensor_proc.o ../common/v1_1/imgsensor_sensor_list.o ../common/v1_1/seninf_clk.o ../common/v1_1/seninf.o ../common/v1_1/n3d_fsync/n3d.o ../common/v1_1/n3d_fsync/n3d_clk.o ../common/v1_1/n3d_fsync/n3d_hw.o ../common/v1_1/n3d_fsync/vsync_recorder.o ../common/v1_1/n3d_fsync/frame-sync/frame_sync.o ../common/v1_1/n3d_fsync/frame-sync/frame_sync_algo.o ../common/v1_1/n3d_fsync/frame-sync/frame_monitor.o  ../common/sysfs/imgsensor_sysfs.o ../common/sysfs/imgsensor_vendor.o ../common/sysfs/crc32.o ../common/sysfs/imgsensor_vendor_rom_config.o ../common/sysfs/imgsensor_otp_cal.o ../common/sysfs/aax_v16/imgsensor_eeprom_front_gc13a0.o ../common/sysfs/aax_v16/imgsensor_eeprom_rear3_gc02m1.o ../common/sysfs/aax_v16/imgsensor_eeprom_rear_s5kjn1.o ../common/sysfs/aax_v16/imgsensor_otp_rear2_sc501cs.o ../common/sysfs/aax_v16/imgsensor_vendor_rom_config_aax_v16.o ../common/adaptive_mipi/imgsensor_adaptive_mipi.o ../common/v1_1/s5kjn1_mipi_raw/s5kjn1mipiraw_Sensor.o ../common/v1_1/gc13a0_mipi_raw/gc13a0mipiraw_Sensor.o ../common/v1_1/sc501cs_mipi_raw/sc501csmipiraw_Sensor.o ../common/v1_1/gc02m1_mipi_raw/gc02m1mipiraw_Sensor.o ../common/v1_1/camera_hw/regulator/regulator.o ../common/v1_1/camera_hw/gpio/gpio.o ../common/v1_1/camera_hw/mclk/mclk.o camera_project/aax_v16/camera_hw/imgsensor_cfg_table.o seninf/seninf_impl.o
imgsensor_isp6s subdir-ccflags-y : -I/home/nolan-archie/a165f_kernel/kernel-5.10/drivers/misc/mediatek/imgsensor/src/common/v1_1 -I/home/nolan-archie/a165f_kernel/kernel-5.10/drivers/misc/mediatek/imgsensor/src/inc -I/home/nolan-archie/a165f_kernel/kernel-5.10/drivers/misc/mediatek/imgsensor/src/common/sysfs -I/home/nolan-archie/a165f_kernel/kernel-5.10/drivers/misc/mediatek/imgsensor/src/common/adaptive_mipi -I/home/nolan-archie/a165f_kernel/kernel-5.10/drivers/i2c/busses/ -I/home/nolan-archie/a165f_kernel/kernel-5.10/drivers/misc/mediatek/imgsensor/src/common/v1_1/n3d_fsync -I/home/nolan-archie/a165f_kernel/kernel-5.10/drivers/misc/mediatek/imgsensor/src/common/v1_1/n3d_fsync/frame-sync  -I/home/nolan-archie/a165f_kernel/kernel-5.10/drivers/misc/mediatek/imgsensor/src/isp6s/camera_project/aax_v16/camera_hw -I/home/nolan-archie/a165f_kernel/kernel-5.10/drivers/misc/mediatek/imgsensor/src/isp6s/camera_hw -I/home/nolan-archie/a165f_kernel/kernel-5.10/drivers/misc/mediatek/imgsensor/src/common/v1_1/camera_hw -I/home/nolan-archie/a165f_kernel/kernel-5.10/drivers/misc/mediatek/imgsensor/src/isp6s/seninf/ -DNO_I2C_MTK -DNO_CLK_METER -DSENINF_USE_RPM -DDFS_CTRL_BY_OPP -DSENINF_N3D_SUPPORT
framesync_drv: frame-sync
virt-sensor: virt-sensor
unknown_drv: s5kjn1_mipi_raw gc13a0_mipi_raw sc501cs_mipi_raw gc02m1_mipi_raw
imgsensor-objs : adaptor-hw.o adaptor-drv.o adaptor-i2c.o adaptor-ctrls.o adaptor-ioctl.o adaptor-common-ctrl.o  frame-sync/frame_sync.o frame-sync/frame_sync_algo.o frame-sync/frame_monitor.o frame-sync/frame_sync_util.o frame-sync/frame_sync_console.o frame-sync/hw_sensor_sync_algo.o frame-sync/custom/custom_hw_sync.o  virt-sensor/virt-sensor-drv.o 
subdir-ccflags-y : -I/home/nolan-archie/a165f_kernel/kernel-5.10/drivers/misc/mediatek/imgsensor/inc -I/home/nolan-archie/a165f_kernel/kernel-5.10/drivers/misc/mediatek/imgsensor/src-v4l2/ -I/home/nolan-archie/a165f_kernel/kernel-5.10/drivers/media/platform/mtk-isp/ -I/home/nolan-archie/a165f_kernel/kernel-5.10/drivers/media/platform/mtk-isp/camsys/isp7_1/cam/  -I/home/nolan-archie/a165f_kernel/kernel-5.10/drivers/misc/mediatek/imgsensor/src-v4l2/frame-sync  -I/home/nolan-archie/a165f_kernel/kernel-5.10/drivers/misc/mediatek/imgsensor/src-v4l2/virt-sensor 
imgsensor-virt-sensor-objs : imgsensor-glue.o 
subdir-ccflags-y : -I/home/nolan-archie/a165f_kernel/kernel-5.10/drivers/misc/mediatek/imgsensor/inc -I/home/nolan-archie/a165f_kernel/kernel-5.10/drivers/misc/mediatek/imgsensor/src-v4l2/imgsensor-glue/ 
camera_eeprom-objs : ../common/v2/eeprom_driver.o ../common/v2/eeprom_i2c_common_driver.o ../common/v2/eeprom_utils.o eeprom_i2c_custom_driver.o aax_v16/cam_cal_list.o cam_cal_config.o layout/imx350_mtk_eeprom.o layout/imx481_mtk_tri_eeprom.o layout/imx499_mtk_eeprom.o layout/imx519_mtk_eeprom.o layout/imx576_mtk_eeprom.o layout/imx586_mtk_eeprom.o layout/imx586_mtk_tri_eeprom.o layout/imx766_cust_op_tri_eeprom.o layout/imx766_cust_op_tri_v2_eeprom.o layout/imx766dual_cust_op_tri_eeprom.o layout/imx766dual_cust_op_tri_v2_eeprom.o layout/imx766dual_cust_op_tri_v3_eeprom.o layout/ov48b_mtk_eeprom.o layout/s5k3m5sx_cust_op_tri_eeprom.o layout/s5k3m5sx_mtk_tri_eeprom.o layout/s5k3p9sp_mtk_eeprom.o
camera_eeprom subdir-ccflags-y : -I/home/nolan-archie/a165f_kernel/kernel-5.10/drivers/misc/mediatek/imgsensor/inc -I/home/nolan-archie/a165f_kernel/kernel-5.10/drivers/misc/mediatek/imgsensor/src/common/sysfs -I/home/nolan-archie/a165f_kernel/kernel-5.10/drivers/misc/mediatek/cam_cal/inc -I/home/nolan-archie/a165f_kernel/kernel-5.10/drivers/misc/mediatek/cam_cal/src/custom -I/home/nolan-archie/a165f_kernel/kernel-5.10/drivers/misc/mediatek/cam_cal/src/common/v2 -D'CAM_CAL_CONFIG_LIST=E(imx350_mtk_eeprom),E(imx481_mtk_tri_eeprom),E(imx499_mtk_eeprom),E(imx519_mtk_eeprom),E(imx576_mtk_eeprom),E(imx586_mtk_eeprom),E(imx586_mtk_tri_eeprom),E(imx766_cust_op_tri_eeprom),E(imx766_cust_op_tri_v2_eeprom),E(imx766dual_cust_op_tri_eeprom),E(imx766dual_cust_op_tri_v2_eeprom),E(imx766dual_cust_op_tri_v3_eeprom),E(ov48b_mtk_eeprom),E(s5k3m5sx_cust_op_tri_eeprom),E(s5k3m5sx_mtk_tri_eeprom),E(s5k3p9sp_mtk_eeprom)'
/home/nolan-archie/a165f_kernel/kernel-5.10/drivers/misc/mediatek/ccu/src/Makefile:17: CCU_MAKE_FILE_CALLED_2_1_1
""
CCU_MAKE_FILE_CALLED
m




/home/nolan-archie/a165f_kernel/kernel-5.10
/home/nolan-archie/a165f_kernel/kernel-5.10/drivers/knox/ngksm/Makefile:19: [NGKSM] CONFIG_NGKSM Enabled
/home/nolan-archie/a165f_kernel/kernel-5.10/drivers/knox/ngksm/Makefile:27: [NGKSM] CONFIG_NGKPAD Not Enabled
/home/nolan-archie/a165f_kernel/kernel-5.10/drivers/knox/ngksm/Makefile:40: [NGKSM] TARGET_BUILD_VARIANT user
-- SukiSU-Ultra version: 40837 [v4.1.3-b1d534bc@builtin]
-- KERNEL_VERSION: 5.10
-- KERNEL_TYPE: GKI 2.0
-- SukiSU-Ultra: using SUSFS_INLINE_HOOK
-- KPM is enabled
-- SukiSU-Ultra/compat: modern static_key_interface found

-- SUSFS_VERSION: v2.2.0
  CHK     include/generated/autoksyms.h
+ set +x
========================================================
 Installing kernel modules into staging directory
  INSTALL block/blk-sec-stats.ko
  INSTALL crypto/lzo-rle.ko
  INSTALL block/ssg.ko
  INSTALL crypto/lzo.ko
  INSTALL drivers/base/regmap/regmap-spmi.ko
  INSTALL drivers/battery/battery_auth/ds28e30/sec-auth-ds28e30.ko
  INSTALL drivers/battery/battery_auth/sle956681/sec-auth-sle956681.ko
  INSTALL drivers/battery/charger/sm5461_charger/sm5461-charger.ko
  INSTALL drivers/battery/common/sb_wireless.ko
  INSTALL drivers/battery/charger/sm5714_charger/sm5714-charger.ko
  INSTALL drivers/battery/common/sec-battery.ko
  INSTALL drivers/battery/common/sec-direct-charger.ko
  INSTALL drivers/battery/common/sec_pd.ko
  INSTALL drivers/battery/core/sb-core.ko
  INSTALL drivers/battery/fuelgauge/sm5714_fuelgauge/sm5714_fuelgauge.ko
  INSTALL drivers/block/zram/zram.ko
  INSTALL drivers/char/hw_random/sec-rng.ko
  INSTALL drivers/char/rpmb/rpmb-mtk.ko
  INSTALL drivers/char/rpmb/rpmb.ko
  INSTALL drivers/clk/mediatek/clk-bringup.ko
  INSTALL drivers/clk/mediatek/clk-chk-mt6789.ko
  INSTALL drivers/clk/mediatek/clk-common.ko
  INSTALL drivers/clk/mediatek/clk-dbg-mt6789.ko
  INSTALL drivers/clk/mediatek/clk-disable-unused.ko
  INSTALL drivers/clk/mediatek/clk-fmeter-mt6789.ko
  INSTALL drivers/clk/mediatek/clk-mt6789-bus.ko
  INSTALL drivers/clk/mediatek/clk-mt6789-audiosys.ko
  INSTALL drivers/clk/mediatek/clk-mt6789-cam.ko
  INSTALL drivers/clk/mediatek/clk-mt6789-disp_dsc.ko
  INSTALL drivers/clk/mediatek/clk-mt6789-img.ko
  INSTALL drivers/clk/mediatek/clk-mt6789-i2c.ko
  INSTALL drivers/clk/mediatek/clk-mt6789-impen.ko
  INSTALL drivers/clk/mediatek/clk-mt6789-mfgcfg.ko
  INSTALL drivers/clk/mediatek/clk-mt6789-mmsys.ko
  INSTALL drivers/clk/mediatek/clk-mt6789-vcodec.ko
  INSTALL drivers/clk/mediatek/clk-mt6789.ko
  INSTALL drivers/clk/mediatek/fhctl.ko
  INSTALL drivers/clk/mediatek/pd-chk-mt6789.ko
  INSTALL drivers/cpufreq/cpufreq_limit.ko
  INSTALL drivers/cpufreq/mediatek-cpufreq-hw.ko
  INSTALL drivers/devfreq/mtk-dvfsrc-devfreq.ko
  INSTALL drivers/dma-buf/heaps/mtk_heap_debug.ko
  INSTALL drivers/dma-buf/heaps/mtk_mm_heap.ko
  INSTALL drivers/dma-buf/heaps/mtk_sec_heap.ko
  INSTALL drivers/dma-buf/heaps/system_heap.ko
  INSTALL drivers/dma/mediatek/mtk-cqdma.ko
  INSTALL drivers/dma/mediatek/mtk-uart-apdma.ko
  INSTALL drivers/fingerprint/fingerprint.ko
  INSTALL drivers/fingerprint/fingerprint_sysfs.ko
  INSTALL drivers/gpu/drm/mediatek/mediatek_v2/mtk_aod_scp.ko
  INSTALL drivers/gpu/drm/mediatek/mediatek_v2/mediatek-drm.ko
  INSTALL drivers/gpu/drm/mediatek/mediatek_v2/mtk_disp_notify.ko
  INSTALL drivers/gpu/drm/mediatek/mediatek_v2/mtk_disp_sec.ko
  INSTALL drivers/gpu/drm/mediatek/mediatek_v2/mtk_panel_ext.ko
  INSTALL drivers/gpu/drm/mediatek/mediatek_v2/mtk_sync.ko
  INSTALL drivers/gpu/drm/mediatek/mml/mtk-mml.ko
  INSTALL drivers/gpu/drm/panel/mcd_panel/mtk-mcd-panel-adapter.ko
  INSTALL drivers/gpu/drm/panel/mediatek-drm-gateic.ko
  INSTALL drivers/gpu/drm/panel/mediatek-drm-panel-drv.ko
  INSTALL drivers/gpu/drm/samsung/panel/mcd-panel.ko
  INSTALL drivers/gpu/drm/samsung/panel/oled_common/usdm-panel-oled-common.ko
  INSTALL drivers/gpu/drm/samsung/panel/s6e8fc3/mcd-panel-s6e8fc3_a16x.ko
  INSTALL drivers/gpu/mediatek/ged/ged.ko
  INSTALL drivers/gpu/mediatek/gpueb/gpueb.ko
  INSTALL drivers/gpu/mediatek/gpu_bm/mtk_gpu_qos.ko
  INSTALL drivers/gpu/mediatek/gpufreq/v2/mtk_gpufreq_wrapper.ko
  INSTALL drivers/gpu/mediatek/gpufreq/v2/mtk_gpufreq_mt6789.ko
  INSTALL drivers/gpu/mediatek/hal/mtk_gpu_hal.ko
  INSTALL drivers/i2c/busses/i2c-gpio.ko
  INSTALL drivers/i2c/busses/i2c-mt65xx.ko
  INSTALL drivers/iio/adc/mt6338-auxadc.ko
  INSTALL drivers/iio/adc/mt635x-auxadc.ko
  INSTALL drivers/iio/adc/mt6360-adc.ko
  INSTALL drivers/iio/adc/mt6577_auxadc.ko
  INSTALL drivers/iio/adc/mtk-spmi-pmic-adc.ko
  INSTALL drivers/iio/buffer/industrialio-triggered-buffer.ko
  INSTALL drivers/iio/buffer/kfifo_buf.ko
  INSTALL drivers/input/input_boost/input_booster_lkm.ko
  INSTALL drivers/input/keyboard/mtk-kpd.ko
  INSTALL drivers/input/sec_input/sec_common_fn.ko
  INSTALL drivers/input/keyboard/mtk-pmic-keys.ko
  INSTALL drivers/input/sec_input/sec_input_notifier.ko
  INSTALL drivers/input/touchscreen/focaltech/ft3519/focaltech_ts_ft3519.ko
  INSTALL drivers/interconnect/mediatek/mmqos-common.ko
  INSTALL drivers/interconnect/mediatek/mmqos-md.ko
  INSTALL drivers/interconnect/mediatek/mmqos-mt6789.ko
  INSTALL drivers/iommu/mtk_iommu.ko
  INSTALL drivers/interconnect/mediatek/mtk-emi.ko
  INSTALL drivers/knox/hdm/hdm.ko
  INSTALL drivers/leds/leds-mtk-pwm.ko
  INSTALL drivers/leds/leds-mtk.ko
  INSTALL drivers/leds/leds-pwm.ko
  INSTALL drivers/leds/leds-sm5714-fled.ko
  INSTALL drivers/mailbox/mtk-mbox-mailbox.ko
  INSTALL drivers/media/platform/mtk-aie/mtk_aie.ko
  INSTALL drivers/media/platform/mtk-isp/camsys/isp7_1/cam/mtk-cam-isp.ko
  INSTALL drivers/media/platform/mtk-isp/camsys/isp7_1/cam/mtk-cam-plat-util.ko
  INSTALL drivers/media/platform/mtk-isp/imgsys/mtk_imgsys_v4l2.ko
  INSTALL drivers/media/platform/mtk-isp/mtk-hcp/mtk_hcp.ko
  INSTALL drivers/media/platform/mtk-isp/mtk-ipesys-me/mtk-ipesys-me.ko
  INSTALL drivers/media/platform/mtk-jpeg/mtk_jpeg.ko
  INSTALL drivers/media/platform/mtk-vcodec/mtk-vcodec-common.ko
  INSTALL drivers/media/platform/mtk-vcodec/mtk-vcodec-dec-v1.ko
  INSTALL drivers/media/platform/mtk-vcodec/mtk-vcodec-dec-v2.ko
  INSTALL drivers/media/platform/mtk-vcodec/mtk-vcodec-enc-v1.ko
  INSTALL drivers/media/platform/mtk-vcu/mtk-vcu.ko
  INSTALL drivers/media/platform/mtk-vcodec/mtk-vcodec-enc-v2.ko
  INSTALL drivers/media/platform/mtk-videobuf/mtk-vb2.ko
  INSTALL drivers/media/v4l2-core/v4l2-flash-led-class.ko
  INSTALL drivers/media/v4l2-core/v4l2-fwnode.ko
  INSTALL drivers/memory/mediatek/emi-fake-eng.ko
  INSTALL drivers/memory/mediatek/emi-mpu-hook-v1.ko
  INSTALL drivers/memory/mediatek/emi-mpu-test-v2.ko
  INSTALL drivers/memory/mediatek/emi-mpu-test.ko
  INSTALL drivers/memory/mediatek/emi-mpu-v2.ko
  INSTALL drivers/memory/mediatek/emi-mpu.ko
  INSTALL drivers/memory/mediatek/emi.ko
  INSTALL drivers/memory/mediatek/emi-slb.ko
  INSTALL drivers/memory/mediatek/mtk_dramc.ko
  INSTALL drivers/memory/mtk-smi.ko
  INSTALL drivers/mfd/mt6338-core.ko
  INSTALL drivers/mfd/mt6360-core.ko
  INSTALL drivers/mfd/mt6397.ko
  INSTALL drivers/mfd/mt63xx-debug.ko
  INSTALL drivers/mfd/mt6685-audclk.ko
  INSTALL drivers/mfd/mt6685-core.ko
  INSTALL drivers/mfd/mtk-spmi-pmic-debug.ko
  INSTALL drivers/mfd/mtk-spmi-pmic.ko
  INSTALL drivers/mfd/sm/sm5714/mfd_sm5714.ko
  INSTALL drivers/misc/drb/dev_ril_bridge.ko
  INSTALL drivers/misc/mediatek/adsp/adsp.ko
  INSTALL drivers/misc/mediatek/adsp/v1/adsp-v1.ko
  INSTALL drivers/misc/mediatek/adsp/v2/adsp-v2.ko
  INSTALL drivers/misc/mediatek/aee/aed/aee_aed.ko
  INSTALL drivers/misc/mediatek/aee/aed/aee_rs.ko
  INSTALL drivers/misc/mediatek/aee/hangdet/aee_hangdet.ko
  INSTALL drivers/misc/mediatek/aee/mrdump/mrdump.ko
  INSTALL drivers/misc/mediatek/apusys/apusys.ko
  INSTALL drivers/misc/mediatek/atf/atf_logger.ko
  INSTALL drivers/misc/mediatek/apusys/power/apu_top.ko
  INSTALL drivers/misc/mediatek/audio_ipi/audio_ipi.ko
  INSTALL drivers/misc/mediatek/blocktag/blocktag.ko
  INSTALL drivers/misc/mediatek/c2k_usb/c2k_usb.ko
  INSTALL drivers/misc/mediatek/btif/common/btif_drv.ko
  INSTALL drivers/misc/mediatek/c2k_usb/c2k_usb_f_via_atc.ko
  INSTALL drivers/misc/mediatek/c2k_usb/c2k_usb_f_via_ets.ko
  INSTALL drivers/misc/mediatek/c2k_usb/c2k_usb_f_via_gps.ko
  INSTALL drivers/misc/mediatek/c2k_usb/c2k_usb_f_via_modem.ko
  INSTALL drivers/misc/mediatek/c2k_usb/c2k_usb_f_via_pcv.ko
  INSTALL drivers/misc/mediatek/cache-auditor/cpuqos_v3/cpuqos_v3.ko
  INSTALL drivers/misc/mediatek/cam_cal/src/custom/camera_eeprom.ko
  INSTALL drivers/misc/mediatek/cam_timesync/archcounter_timesync.ko
  INSTALL drivers/misc/mediatek/camera_mem/camera_mem.ko
  INSTALL drivers/misc/mediatek/cameraisp/dip/isp_6s/camera_dip_isp6s.ko
  INSTALL drivers/misc/mediatek/cameraisp/dpe/camera_dpe_isp60.ko
  INSTALL drivers/misc/mediatek/cameraisp/dpe/camera_dpe_isp70.ko
  INSTALL drivers/misc/mediatek/cameraisp/fdvt/camera_fdvt_isp51.ko
  INSTALL drivers/misc/mediatek/cameraisp/mfb/camera_mfb_isp6s.ko
  INSTALL drivers/misc/mediatek/cameraisp/pda/isp_71/camera_pda.ko
  INSTALL drivers/misc/mediatek/cameraisp/rsc/camera_rsc_isp60.ko
  INSTALL drivers/misc/mediatek/cameraisp/src/isp_6s/cam_qos.ko
  INSTALL drivers/misc/mediatek/cameraisp/src/isp_6s/camera_isp.ko
  INSTALL drivers/misc/mediatek/cameraisp/wpe/isp_6s/camera_wpe_isp6s.ko
  INSTALL drivers/misc/mediatek/ccci_util/ccci_util_lib.ko
  INSTALL drivers/misc/mediatek/ccu/src/isp6s/ccu.ko
  INSTALL drivers/misc/mediatek/ccmni/ccmni.ko
  INSTALL drivers/misc/mediatek/clkbuf/clkbuf.ko
  INSTALL drivers/misc/mediatek/cm_mgr/mtk_cm_mgr.ko
  INSTALL drivers/misc/mediatek/cm_mgr/mtk_cm_ipi.ko
  INSTALL drivers/misc/mediatek/cm_mgr/mtk_cm_mgr_mt6789.ko
  INSTALL drivers/misc/mediatek/cmdq/mailbox/cmdq-platform-mt6789.ko
  INSTALL drivers/misc/mediatek/cmdq/mailbox/cmdq-platform-mt6873.ko
  INSTALL drivers/misc/mediatek/cmdq/mailbox/cmdq-platform-mt6853.ko
  INSTALL drivers/misc/mediatek/cmdq/mailbox/cmdq-sec-drv.ko
  INSTALL drivers/misc/mediatek/cmdq/mailbox/cmdq-test.ko
  INSTALL drivers/misc/mediatek/cmdq/mailbox/mtk-cmdq-drv-ext.ko
  INSTALL drivers/misc/mediatek/conn_scp/connscp.ko
  INSTALL drivers/misc/mediatek/connectivity/connadp.ko
  INSTALL drivers/misc/mediatek/dcm/mt6789_dcm.ko
  INSTALL drivers/misc/mediatek/cpufreq_lite/cpudvfs.ko
  INSTALL drivers/misc/mediatek/dcm/mtk_dcm.ko
  INSTALL drivers/misc/mediatek/dvfsrc/mtk-dvfsrc-helper.ko
  INSTALL drivers/misc/mediatek/eccci/ccci_auxadc.ko
  INSTALL drivers/misc/mediatek/eccci/ccci_ccif.ko
  INSTALL drivers/misc/mediatek/eccci/ccci_cldma.ko
  INSTALL drivers/misc/mediatek/eccci/ccci_dpmaif.ko
  INSTALL drivers/misc/mediatek/eccci/ccci_fsm_scp.ko
  INSTALL drivers/misc/mediatek/eccci/ccci_md_all.ko
  INSTALL drivers/misc/mediatek/eccci/ccci_md_clk.ko
  INSTALL drivers/misc/mediatek/eccci/ccci_rtc.ko
  INSTALL drivers/misc/mediatek/eccci/cpif.ko
  INSTALL drivers/misc/mediatek/extcon/extcon-mtk-usb.ko
  INSTALL drivers/misc/mediatek/flashlight/flashlight.ko
  INSTALL drivers/misc/mediatek/flashlight/flashlights-sm5714.ko
  INSTALL drivers/misc/mediatek/flashlight/v4l2/lm3644.ko
  INSTALL drivers/misc/mediatek/flashlight/mtk-composite.ko
  INSTALL drivers/misc/mediatek/geniezone/gz-trusty/gz_ipc_mod.ko
  INSTALL drivers/misc/mediatek/geniezone/gz-trusty/gz_irq_mod.ko
  INSTALL drivers/misc/mediatek/geniezone/gz-trusty/gz_log_mod.ko
  INSTALL drivers/misc/mediatek/geniezone/gz-trusty/gz_trusty_mod.ko
  INSTALL drivers/misc/mediatek/geniezone/gz-trusty/gz_virtio_mod.ko
  INSTALL drivers/misc/mediatek/geniezone/gz_main_mod.ko
  INSTALL drivers/misc/mediatek/geniezone/gz_tz_system.ko
  INSTALL drivers/misc/mediatek/imgsensor/src-v4l2/imgsensor.ko
  INSTALL drivers/misc/mediatek/imgsensor/src-v4l2/imgsensor-glue/imgsensor-glue.ko
  INSTALL drivers/misc/mediatek/imgsensor/src/isp6s/imgsensor_isp6s.ko
  INSTALL drivers/misc/mediatek/iommu/iommu_debug.ko
  INSTALL drivers/misc/mediatek/iommu/iommu_gz.ko
  INSTALL drivers/misc/mediatek/iommu/iommu_secure.ko
  INSTALL drivers/misc/mediatek/iommu/iommu_test.ko
  INSTALL drivers/misc/mediatek/irtx/mtk_irtx_pwm.ko
  INSTALL drivers/misc/mediatek/jpeg/jpeg-driver.ko
  INSTALL drivers/misc/mediatek/lens/ois/bu63169/bu63169.ko
  INSTALL drivers/misc/mediatek/lens/vcm/proprietary/main2/main2af.ko
  INSTALL drivers/misc/mediatek/lens/vcm/proprietary/main/mainaf.ko
  INSTALL drivers/misc/mediatek/lens/vcm/proprietary/main3/main3af.ko
  INSTALL drivers/misc/mediatek/lens/vcm/proprietary/sub/subaf.ko
  INSTALL drivers/misc/mediatek/lens/vcm/proprietary/sub2/sub2af.ko
  INSTALL drivers/misc/mediatek/lens/vcm/v4l2/ak7375c/ak7375c.ko
  INSTALL drivers/misc/mediatek/lens/vcm/v4l2/ak7377a/ak7377a.ko
  INSTALL drivers/misc/mediatek/lens/vcm/v4l2/bu64253gwz/bu64253gwz.ko
  INSTALL drivers/misc/mediatek/lens/vcm/v4l2/dw9718/dw9718.ko
  INSTALL drivers/misc/mediatek/lens/vcm/v4l2/dw9800v/dw9800v.ko
  INSTALL drivers/misc/mediatek/lens/vcm/v4l2/dw9800w/dw9800w.ko
  INSTALL drivers/misc/mediatek/lens/vcm/v4l2/gt9772a/gt9772a.ko
  INSTALL drivers/misc/mediatek/lens/vcm/v4l2/gt9764/gt9764.ko
  INSTALL drivers/misc/mediatek/lens/vcm/v4l2/gt9772b/gt9772b.ko
  INSTALL drivers/misc/mediatek/lens/vcm/v4l2/lc898229/lc898229.ko
  INSTALL drivers/misc/mediatek/lens/vcm/v4l2/media/camera_af_media.ko
  INSTALL drivers/misc/mediatek/log_store/log_store.ko
  INSTALL drivers/misc/mediatek/lpm/modules/debug/mt6789/mtk-lpm-dbg-mt6789.ko
  INSTALL drivers/misc/mediatek/lpm/modules/debug/v1/mtk-lpm-dbg-common-v1.ko
  INSTALL drivers/misc/mediatek/lpm/modules/platform/v1/mtk-lpm-plat-v1.ko
  INSTALL drivers/misc/mediatek/lpm/mtk-lpm.ko
  INSTALL drivers/misc/mediatek/masp/sec.ko
  INSTALL drivers/misc/mediatek/mcupm/v2/mcupm.ko
  INSTALL drivers/misc/mediatek/mdp/cmdq_helper_inf.ko
  INSTALL drivers/misc/mediatek/mddp/mddp.ko
  INSTALL drivers/misc/mediatek/mdp/mdp_drv_mt6789.ko
  INSTALL drivers/misc/mediatek/mdpm/mtk_mdpm.ko
  INSTALL drivers/misc/mediatek/mkp/mkp.ko
  INSTALL drivers/misc/mediatek/mminfra/mtk-mminfra-debug.ko
  INSTALL drivers/misc/mediatek/mmdvfs/mtk-mmdvfs-debug.ko
  INSTALL drivers/misc/mediatek/mminfra/mtk-mminfra-imax.ko
  INSTALL drivers/misc/mediatek/mmp/src/mmprofile.ko
  INSTALL drivers/misc/mediatek/mmqos/mmqos_wrapper.ko
  INSTALL drivers/misc/mediatek/monitor_hang/monitor_hang.ko
  INSTALL drivers/misc/mediatek/mmstat/trace_mmstat.ko
  INSTALL drivers/misc/mediatek/mtprintk/mtk_printk_ctrl.ko
  INSTALL drivers/misc/mediatek/mtk-interconnect/mtk-icc-core.ko
  INSTALL drivers/misc/mediatek/mtprof/bootprof.ko
  INSTALL drivers/misc/mediatek/nfc/st21nfc/st21nfc.ko
  INSTALL drivers/misc/mediatek/pbm/mtk_pbm.ko
  INSTALL drivers/misc/mediatek/perf_common/mtk_perf_common.ko
  INSTALL drivers/misc/mediatek/nfc/st54spi.ko
  INSTALL drivers/misc/mediatek/performance/frs/frs.ko
  INSTALL drivers/misc/mediatek/performance/fpsgo_v3/mtk_fpsgo.ko
  INSTALL drivers/misc/mediatek/performance/load_track/load_track.ko
  INSTALL drivers/misc/mediatek/performance/uload_ind/uload_ind.ko
  INSTALL drivers/misc/mediatek/pidmap/pidmap.ko
  INSTALL drivers/misc/mediatek/performance/mtk_perf_ioctl.ko
  INSTALL drivers/misc/mediatek/pmsr/pmsr.ko
  INSTALL drivers/misc/mediatek/pmic_protect/mtk-pmic-oc-debug.ko
  INSTALL drivers/misc/mediatek/pmic_protect/mt63xx-oc-debug.ko
  INSTALL drivers/misc/mediatek/pmsr/twam/spmtwam.ko
  INSTALL drivers/misc/mediatek/power_throttling/mtk_battery_oc_throttling.ko
  INSTALL drivers/misc/mediatek/power_throttling/mtk_bp_thl.ko
  INSTALL drivers/misc/mediatek/power_throttling/mtk_low_battery_throttling.ko
  INSTALL drivers/misc/mediatek/power_throttling/mtk_dynamic_loading_throttling.ko
  INSTALL drivers/misc/mediatek/power_throttling/mtk_md_power_throttling.ko
  INSTALL drivers/misc/mediatek/power_throttling/mtk_cpu_power_throttling.ko
  INSTALL drivers/misc/mediatek/pwm/mtk-pwm.ko
  INSTALL drivers/misc/mediatek/power_throttling/pmic_lbat_service.ko
  INSTALL drivers/misc/mediatek/qos/mtk_qos.ko
  INSTALL drivers/misc/mediatek/rps/rps_perf.ko
  INSTALL drivers/misc/mediatek/sched/cpufreq_sugov_ext.ko
